CREATE DATABASE  IF NOT EXISTS `publicidad_sqlcoder` /*!40100 DEFAULT CHARACTER SET utf8mb4 COLLATE utf8mb4_0900_ai_ci */ /*!80016 DEFAULT ENCRYPTION='N' */;
USE `publicidad_sqlcoder`;
-- MySQL dump 10.13  Distrib 8.0.32, for Win64 (x86_64)
--
-- Host: localhost    Database: publicidad_sqlcoder
-- ------------------------------------------------------
-- Server version	8.0.32

/*!40101 SET @OLD_CHARACTER_SET_CLIENT=@@CHARACTER_SET_CLIENT */;
/*!40101 SET @OLD_CHARACTER_SET_RESULTS=@@CHARACTER_SET_RESULTS */;
/*!40101 SET @OLD_COLLATION_CONNECTION=@@COLLATION_CONNECTION */;
/*!50503 SET NAMES utf8 */;
/*!40103 SET @OLD_TIME_ZONE=@@TIME_ZONE */;
/*!40103 SET TIME_ZONE='+00:00' */;
/*!40014 SET @OLD_UNIQUE_CHECKS=@@UNIQUE_CHECKS, UNIQUE_CHECKS=0 */;
/*!40014 SET @OLD_FOREIGN_KEY_CHECKS=@@FOREIGN_KEY_CHECKS, FOREIGN_KEY_CHECKS=0 */;
/*!40101 SET @OLD_SQL_MODE=@@SQL_MODE, SQL_MODE='NO_AUTO_VALUE_ON_ZERO' */;
/*!40111 SET @OLD_SQL_NOTES=@@SQL_NOTES, SQL_NOTES=0 */;

--
-- Table structure for table `caja`
--

DROP TABLE IF EXISTS `caja`;
/*!40101 SET @saved_cs_client     = @@character_set_client */;
/*!50503 SET character_set_client = utf8mb4 */;
CREATE TABLE `caja` (
  `Id_Caja` int NOT NULL AUTO_INCREMENT,
  `Id_unidad_de_negocio` int NOT NULL,
  PRIMARY KEY (`Id_Caja`),
  KEY `Id_unidad_de_negocio` (`Id_unidad_de_negocio`),
  CONSTRAINT `caja_ibfk_1` FOREIGN KEY (`Id_unidad_de_negocio`) REFERENCES `unidad_de_negocio` (`Id_unidad_de_negocio`)
) ENGINE=InnoDB AUTO_INCREMENT=3 DEFAULT CHARSET=utf8mb4 COLLATE=utf8mb4_0900_ai_ci;
/*!40101 SET character_set_client = @saved_cs_client */;

--
-- Dumping data for table `caja`
--

LOCK TABLES `caja` WRITE;
/*!40000 ALTER TABLE `caja` DISABLE KEYS */;
INSERT INTO `caja` VALUES (1,1),(2,2);
/*!40000 ALTER TABLE `caja` ENABLE KEYS */;
UNLOCK TABLES;

--
-- Temporary view structure for view `cant_vta_cliente`
--

DROP TABLE IF EXISTS `cant_vta_cliente`;
/*!50001 DROP VIEW IF EXISTS `cant_vta_cliente`*/;
SET @saved_cs_client     = @@character_set_client;
/*!50503 SET character_set_client = utf8mb4 */;
/*!50001 CREATE VIEW `cant_vta_cliente` AS SELECT 
 1 AS `id_cliente`,
 1 AS `cantidad_deventas`*/;
SET character_set_client = @saved_cs_client;

--
-- Table structure for table `cheque`
--

DROP TABLE IF EXISTS `cheque`;
/*!40101 SET @saved_cs_client     = @@character_set_client */;
/*!50503 SET character_set_client = utf8mb4 */;
CREATE TABLE `cheque` (
  `Id_Cheque` int NOT NULL AUTO_INCREMENT,
  `Id_Medio` int NOT NULL,
  `Fecha` datetime NOT NULL,
  `Numero` int NOT NULL,
  `Banco` tinytext NOT NULL,
  `Fecha_vencimiento` datetime NOT NULL,
  `Monto` decimal(20,2) NOT NULL,
  `Id_Estadoch` int NOT NULL,
  PRIMARY KEY (`Id_Cheque`),
  KEY `Id_Medio` (`Id_Medio`),
  KEY `Id_Estadoch` (`Id_Estadoch`),
  CONSTRAINT `cheque_ibfk_1` FOREIGN KEY (`Id_Medio`) REFERENCES `mediode_pago_cobro` (`Id_Medio`),
  CONSTRAINT `cheque_ibfk_2` FOREIGN KEY (`Id_Estadoch`) REFERENCES `estado_de_cheque` (`Id_Estadoch`)
) ENGINE=InnoDB AUTO_INCREMENT=52 DEFAULT CHARSET=utf8mb4 COLLATE=utf8mb4_0900_ai_ci;
/*!40101 SET character_set_client = @saved_cs_client */;

--
-- Dumping data for table `cheque`
--

LOCK TABLES `cheque` WRITE;
/*!40000 ALTER TABLE `cheque` DISABLE KEYS */;
INSERT INTO `cheque` VALUES (1,3,'2022-02-13 00:00:00',123456,'SUPERVIELLE','2022-03-15 00:00:00',72600.00,2),(2,3,'2022-02-18 00:00:00',1245896,'NACION','2022-03-10 00:00:00',145200.00,2),(3,3,'2022-03-25 00:00:00',2368336,'FRANCES','2022-05-09 00:00:00',72600.00,2),(4,3,'2022-04-09 00:00:00',3490776,'MACRO','2022-04-24 00:00:00',423500.00,2),(5,3,'2022-04-09 00:00:00',4613216,'ICBC','2022-05-04 00:00:00',242000.00,2),(6,3,'2022-05-27 00:00:00',5735656,'GALICIA','2022-06-26 00:00:00',496100.00,2),(7,3,'2022-05-29 00:00:00',6858096,'SUPERVIELLE','2022-05-29 00:00:00',87120.00,2),(8,3,'2022-06-26 00:00:00',7980536,'SUPERVIELLE','2022-06-26 00:00:00',363000.00,2),(9,3,'2022-06-28 00:00:00',9102976,'GALICIA','2022-07-23 00:00:00',883300.00,2),(10,3,'2022-07-30 00:00:00',10225416,'MACRO','2022-08-24 00:00:00',387200.00,2),(11,3,'2022-09-11 00:00:00',11347856,'NACION','2022-09-26 00:00:00',160000.00,2),(12,3,'2022-09-13 00:00:00',12470296,'NACION','2022-10-13 00:00:00',387200.00,2),(13,3,'2022-11-06 00:00:00',13592736,'NACION','2022-12-06 00:00:00',695750.00,4),(14,3,'2022-11-30 00:00:00',14715176,'SUPERVIELLE','2023-01-14 00:00:00',363000.00,1),(15,3,'2022-12-01 00:00:00',15837616,'GALICIA','2023-01-30 00:00:00',84651.60,1),(16,3,'2022-01-14 00:00:00',16960056,'SUPERVIELLE','2022-02-13 00:00:00',60500.00,2),(17,3,'2022-01-25 00:00:00',18082496,'SUPERVIELLE','2022-02-24 00:00:00',54450.00,2),(18,3,'2022-01-25 00:00:00',19204936,'SUPERVIELLE','2022-02-24 00:00:00',217800.00,2),(19,3,'2022-01-28 00:00:00',20327376,'SUPERVIELLE','2022-02-27 00:00:00',108900.00,2),(20,3,'2022-02-07 00:00:00',21449816,'SUPERVIELLE','2022-03-09 00:00:00',121000.00,2),(21,3,'2022-02-15 00:00:00',22572256,'SUPERVIELLE','2022-03-17 00:00:00',181500.00,2),(22,3,'2022-02-28 00:00:00',23694696,'SUPERVIELLE','2022-03-30 00:00:00',24200.00,2),(23,3,'2022-03-14 00:00:00',24817136,'SUPERVIELLE','2022-04-13 00:00:00',181500.00,2),(24,3,'2022-03-28 00:00:00',25939576,'SUPERVIELLE','2022-04-27 00:00:00',54450.00,2),(25,3,'2022-03-28 00:00:00',27062016,'SUPERVIELLE','2022-04-27 00:00:00',242000.00,2),(26,3,'2022-03-28 00:00:00',28184456,'SUPERVIELLE','2022-04-27 00:00:00',9680.00,2),(27,3,'2022-04-07 00:00:00',29306896,'SUPERVIELLE','2022-05-07 00:00:00',121000.00,2),(28,3,'2022-04-30 00:00:00',30429336,'SUPERVIELLE','2022-05-30 00:00:00',169400.00,2),(29,3,'2022-05-31 00:00:00',31551776,'SUPERVIELLE','2022-06-30 00:00:00',54450.00,2),(30,3,'2022-06-30 00:00:00',32674216,'SUPERVIELLE','2022-07-30 00:00:00',114950.00,2),(31,3,'2022-06-30 00:00:00',33796656,'SUPERVIELLE','2022-07-30 00:00:00',54450.00,2),(32,3,'2022-06-30 00:00:00',34919096,'SUPERVIELLE','2022-07-30 00:00:00',242000.00,2),(33,3,'2022-07-15 00:00:00',36041536,'SUPERVIELLE','2022-08-14 00:00:00',151250.00,2),(34,3,'2022-08-12 00:00:00',37163976,'SUPERVIELLE','2022-09-11 00:00:00',242000.00,2),(35,3,'2022-08-12 00:00:00',38286416,'SUPERVIELLE','2022-09-11 00:00:00',108900.00,2),(36,3,'2022-09-27 00:00:00',39408856,'SUPERVIELLE','2022-10-27 00:00:00',84700.00,2),(37,3,'2022-09-29 00:00:00',40531296,'SUPERVIELLE','2022-10-29 00:00:00',121000.00,2),(38,3,'2022-09-29 00:00:00',41653736,'SUPERVIELLE','2022-10-29 00:00:00',108900.00,2),(39,3,'2022-09-30 00:00:00',42776176,'SUPERVIELLE','2022-10-30 00:00:00',181500.00,2),(40,3,'2022-10-31 00:00:00',43898616,'SUPERVIELLE','2022-11-30 00:00:00',42350.00,2),(41,3,'2022-10-31 00:00:00',45021056,'SUPERVIELLE','2022-11-30 00:00:00',84700.00,2),(42,3,'2022-10-31 00:00:00',46143496,'SUPERVIELLE','2022-11-30 00:00:00',54450.00,2),(43,3,'2022-10-31 00:00:00',47265936,'SUPERVIELLE','2022-11-30 00:00:00',54450.00,2),(44,3,'2022-10-31 00:00:00',48388376,'SUPERVIELLE','2022-11-30 00:00:00',54450.00,2),(45,3,'2022-11-09 00:00:00',49510816,'SUPERVIELLE','2022-12-09 00:00:00',84700.00,2),(46,3,'2022-11-29 00:00:00',50633256,'SUPERVIELLE','2022-12-29 00:00:00',133100.00,2),(47,3,'2022-11-29 00:00:00',51755696,'SUPERVIELLE','2022-12-29 00:00:00',54450.00,2),(48,3,'2022-12-06 00:00:00',52878136,'SUPERVIELLE','2023-01-05 00:00:00',242000.00,1),(49,3,'2022-12-31 00:00:00',54000576,'SUPERVIELLE','2023-01-30 00:00:00',29040.00,1),(50,3,'2022-12-31 00:00:00',55123016,'SUPERVIELLE','2023-01-30 00:00:00',81070.00,1),(51,3,'2022-12-31 00:00:00',56245456,'SUPERVIELLE','2023-01-30 00:00:00',242000.00,1);
/*!40000 ALTER TABLE `cheque` ENABLE KEYS */;
UNLOCK TABLES;

--
-- Table structure for table `clientes`
--

DROP TABLE IF EXISTS `clientes`;
/*!40101 SET @saved_cs_client     = @@character_set_client */;
/*!50503 SET character_set_client = utf8mb4 */;
CREATE TABLE `clientes` (
  `Id_Cliente` int NOT NULL AUTO_INCREMENT,
  `Nombre` tinytext NOT NULL,
  `CUIT` varchar(20) NOT NULL,
  `F_denacimiento` datetime DEFAULT NULL,
  PRIMARY KEY (`Id_Cliente`)
) ENGINE=InnoDB AUTO_INCREMENT=53 DEFAULT CHARSET=utf8mb4 COLLATE=utf8mb4_0900_ai_ci;
/*!40101 SET character_set_client = @saved_cs_client */;

--
-- Dumping data for table `clientes`
--

LOCK TABLES `clientes` WRITE;
/*!40000 ALTER TABLE `clientes` DISABLE KEYS */;
INSERT INTO `clientes` VALUES (1,'Dennet Durden','28-766-3690','1964-10-25 00:00:00'),(2,'Carmela Dougill','87-375-7253','1962-04-16 00:00:00'),(3,'Solly Giannassi','50-531-5567','1958-09-20 00:00:00'),(4,'Mufinella Pettiford','40-196-9185','1991-12-23 00:00:00'),(5,'Doralynn Frede','72-188-9140','1988-12-02 00:00:00'),(6,'Brigit Leech','59-342-7970','1986-01-04 00:00:00'),(7,'Raphael Lovitt','10-633-1510','1975-11-25 00:00:00'),(8,'Hillie Blanning','39-893-5861','1969-08-02 00:00:00'),(9,'Amerigo Derrington','00-830-3138','1980-06-07 00:00:00'),(10,'Lora Lehemann','14-150-8410','1971-05-05 00:00:00'),(11,'Fionnula Cockill','61-563-1798','1972-04-20 00:00:00'),(12,'Ev Colquit','99-410-5659','1964-11-03 00:00:00'),(13,'Noami Stoeck','22-948-1449','1963-02-16 00:00:00'),(14,'Johannah Kingsmill','20-958-9386','1957-09-21 00:00:00'),(15,'Fletch Hurst','45-056-4928','1987-07-11 00:00:00'),(16,'Abby Chantrell','34-741-6832','1984-02-14 00:00:00'),(17,'Idaline Beckerleg','45-243-3787','1976-12-05 00:00:00'),(18,'Jakie Scottini','17-846-1181','1965-03-02 00:00:00'),(19,'Doy Najara','27-513-0736','1960-04-07 00:00:00'),(20,'Joachim Polland','76-618-9751','1981-08-05 00:00:00'),(21,'Margaux Halmkin','34-580-5867','1982-01-20 00:00:00'),(22,'Shauna Pilkinton','80-822-6493','2001-04-07 00:00:00'),(23,'Archer Fellow','84-126-1332','1967-09-03 00:00:00'),(24,'Caddric Reschke','72-051-3680','1973-02-16 00:00:00'),(25,'Riannon Bryce','00-599-9924','1967-09-21 00:00:00'),(26,'Petey Fouch','39-647-1004','2000-10-27 00:00:00'),(27,'Anatola Alpine','10-880-3622','1977-07-11 00:00:00'),(28,'Dode Westman','87-731-7773','1964-02-14 00:00:00'),(29,'Alexandre Dudek','84-638-1840','1996-12-05 00:00:00'),(30,'My Blaxill','34-591-4735','1995-03-02 00:00:00'),(31,'Mordecai Dowsey','96-931-4201','1980-04-07 00:00:00'),(32,'Josiah Ludovici','06-028-9300','1971-08-05 00:00:00'),(33,'Eben Bantham','56-930-8089','1962-01-20 00:00:00'),(34,'Geri Bourcq','36-516-9844','2002-04-07 00:00:00'),(35,'Dasi Gant','57-640-4787','1971-05-05 00:00:00'),(36,'Rozalin Henryson','02-907-3046','1964-05-24 00:00:00'),(37,'Neddy Gisbey','68-563-0629','1967-09-03 00:00:00'),(38,'Kristofor Tickner','41-112-1371','1973-02-16 00:00:00'),(39,'Nevsa Zaniolo','51-748-2730','1967-09-21 00:00:00'),(40,'Willette Down','62-566-1794','2000-10-27 00:00:00'),(41,'Thadeus Heinz','29-545-7056','1997-04-11 00:00:00'),(42,'Eba Greenaway','77-809-9386','1974-03-19 00:00:00'),(43,'Godard Paslow','45-057-3507','1986-05-15 00:00:00'),(44,'Waldemar Alforde','45-709-2551','1975-04-02 00:00:00'),(45,'Patrica Littler','77-877-0034','1983-07-09 00:00:00'),(46,'Lexy Stearndale','47-812-1851','1981-09-06 00:00:00'),(47,'Craggy Marie','32-039-0657','1982-04-21 00:00:00'),(48,'Job Murie','34-782-4552','2000-03-07 00:00:00'),(49,'Gun Siggins','85-243-7919','1986-06-05 00:00:00'),(50,'Consumidor Final','20-002-0002','1999-03-12 00:00:00');
/*!40000 ALTER TABLE `clientes` ENABLE KEYS */;
UNLOCK TABLES;

--
-- Temporary view structure for view `cobro_cliente`
--

DROP TABLE IF EXISTS `cobro_cliente`;
/*!50001 DROP VIEW IF EXISTS `cobro_cliente`*/;
SET @saved_cs_client     = @@character_set_client;
/*!50503 SET character_set_client = utf8mb4 */;
/*!50001 CREATE VIEW `cobro_cliente` AS SELECT 
 1 AS `id_cliente`,
 1 AS `cobros_totales`*/;
SET character_set_client = @saved_cs_client;

--
-- Table structure for table `cobros`
--

DROP TABLE IF EXISTS `cobros`;
/*!40101 SET @saved_cs_client     = @@character_set_client */;
/*!50503 SET character_set_client = utf8mb4 */;
CREATE TABLE `cobros` (
  `Id_Cobro` int NOT NULL AUTO_INCREMENT,
  `Fecha` datetime NOT NULL,
  `Id_Cliente` int NOT NULL,
  `Monto` decimal(20,2) NOT NULL,
  `Id_Medio` int NOT NULL,
  `Id_unidad_de_negocio` int NOT NULL,
  `Id_Caja` int NOT NULL,
  `Comentarios` varchar(50) DEFAULT NULL,
  PRIMARY KEY (`Id_Cobro`),
  KEY `Id_Cliente` (`Id_Cliente`),
  KEY `Id_unidad_de_negocio` (`Id_unidad_de_negocio`),
  KEY `Id_Medio` (`Id_Medio`),
  KEY `Id_Caja` (`Id_Caja`),
  CONSTRAINT `cobros_ibfk_1` FOREIGN KEY (`Id_Cliente`) REFERENCES `clientes` (`Id_Cliente`),
  CONSTRAINT `cobros_ibfk_2` FOREIGN KEY (`Id_unidad_de_negocio`) REFERENCES `unidad_de_negocio` (`Id_unidad_de_negocio`),
  CONSTRAINT `cobros_ibfk_3` FOREIGN KEY (`Id_Medio`) REFERENCES `mediode_pago_cobro` (`Id_Medio`),
  CONSTRAINT `cobros_ibfk_4` FOREIGN KEY (`Id_Caja`) REFERENCES `caja` (`Id_Caja`)
) ENGINE=InnoDB AUTO_INCREMENT=320 DEFAULT CHARSET=utf8mb4 COLLATE=utf8mb4_0900_ai_ci;
/*!40101 SET character_set_client = @saved_cs_client */;

--
-- Dumping data for table `cobros`
--

LOCK TABLES `cobros` WRITE;
/*!40000 ALTER TABLE `cobros` DISABLE KEYS */;
INSERT INTO `cobros` VALUES (1,'2022-01-30 00:00:00',1,60500.00,1,1,1,''),(2,'2022-01-30 00:00:00',2,60500.00,2,1,1,''),(3,'2022-02-13 00:00:00',1,60500.00,1,1,1,''),(4,'2022-02-13 00:00:00',2,60500.00,2,1,1,''),(5,'2022-02-13 00:00:00',3,66550.00,1,1,1,''),(6,'2022-02-13 00:00:00',4,42350.00,2,1,1,''),(7,'2022-02-13 00:00:00',5,72600.00,3,1,1,''),(8,'2022-02-13 00:00:00',6,84700.00,2,1,1,''),(9,'2022-02-13 00:00:00',7,60500.00,1,1,1,''),(10,'2022-02-13 00:00:00',8,66550.00,2,1,1,''),(11,'2022-02-13 00:00:00',9,96800.00,1,1,1,''),(12,'2022-02-13 00:00:00',10,42350.00,2,1,1,''),(13,'2022-02-13 00:00:00',11,72600.00,4,1,1,''),(14,'2022-02-18 00:00:00',12,30250.00,2,1,1,''),(15,'2022-02-18 00:00:00',13,42350.00,1,1,1,''),(16,'2022-02-18 00:00:00',14,48400.00,2,1,1,''),(17,'2022-02-18 00:00:00',10,199650.00,1,1,1,''),(18,'2022-02-18 00:00:00',11,145200.00,3,1,1,''),(19,'2022-03-01 00:00:00',19,181500.00,1,1,1,''),(20,'2022-03-01 00:00:00',20,181500.00,2,1,1,''),(21,'2022-03-01 00:00:00',21,242000.00,1,1,1,''),(22,'2022-03-01 00:00:00',22,254100.00,2,1,1,''),(23,'2022-03-01 00:00:00',23,300000.00,1,1,1,''),(24,'2022-03-01 00:00:00',24,575000.00,2,1,1,''),(25,'2022-03-04 00:00:00',25,450000.00,1,1,1,''),(26,'2022-03-04 00:00:00',26,600000.00,2,1,1,''),(27,'2022-03-04 00:00:00',27,508200.00,1,1,1,''),(28,'2022-03-10 00:00:00',28,387200.00,1,1,1,''),(29,'2022-03-10 00:00:00',29,496100.00,2,1,1,''),(30,'2022-03-10 00:00:00',30,254100.00,1,1,1,''),(31,'2022-03-10 00:00:00',31,181500.00,2,1,1,''),(32,'2022-03-10 00:00:00',32,242000.00,1,1,1,''),(33,'2022-03-10 00:00:00',1,60500.00,2,1,1,''),(34,'2022-03-10 00:00:00',34,302500.00,1,1,1,''),(35,'2022-03-14 00:00:00',2,60500.00,2,1,1,''),(36,'2022-03-14 00:00:00',3,66550.00,1,1,1,''),(37,'2022-03-14 00:00:00',4,42350.00,2,1,1,''),(38,'2022-03-14 00:00:00',5,72600.00,1,1,1,''),(39,'2022-03-17 00:00:00',6,84700.00,2,1,1,''),(40,'2022-03-18 00:00:00',7,60500.00,1,1,1,''),(41,'2022-03-24 00:00:00',8,66550.00,2,1,1,''),(42,'2022-03-25 00:00:00',9,96800.00,1,1,1,''),(43,'2022-03-25 00:00:00',10,42350.00,2,1,1,''),(44,'2022-03-25 00:00:00',11,72600.00,3,1,1,''),(45,'2022-03-25 00:00:00',12,30250.00,2,1,1,''),(46,'2022-03-25 00:00:00',13,42350.00,1,1,1,''),(47,'2022-03-25 00:00:00',48,363000.00,2,1,1,''),(48,'2022-04-09 00:00:00',49,423500.00,3,1,1,''),(49,'2022-04-09 00:00:00',14,48400.00,2,1,1,''),(50,'2022-04-09 00:00:00',2,484000.00,1,2,2,''),(51,'2022-04-09 00:00:00',15,60500.00,2,1,1,''),(52,'2022-04-09 00:00:00',4,242000.00,3,1,1,''),(53,'2022-04-10 00:00:00',5,254100.00,2,1,1,''),(54,'2022-04-13 00:00:00',6,157300.00,1,1,1,''),(55,'2022-04-13 00:00:00',7,695750.00,2,1,1,''),(56,'2022-04-13 00:00:00',8,544500.00,1,1,1,''),(57,'2022-04-13 00:00:00',9,145200.00,1,1,1,''),(58,'2022-04-16 00:00:00',10,363000.00,2,1,1,''),(59,'2022-04-16 00:00:00',11,242000.00,1,1,1,''),(60,'2022-04-16 00:00:00',12,181500.00,2,1,1,''),(61,'2022-04-18 00:00:00',13,1839200.00,4,1,1,''),(62,'2022-04-23 00:00:00',1,72600.00,1,1,1,''),(63,'2022-04-23 00:00:00',15,169400.00,2,1,1,''),(64,'2022-04-23 00:00:00',16,350000.00,1,1,1,''),(65,'2022-04-23 00:00:00',2,72600.00,2,1,1,''),(66,'2022-04-27 00:00:00',3,79860.00,2,1,1,''),(67,'2022-04-27 00:00:00',4,50820.00,1,1,1,''),(68,'2022-04-27 00:00:00',5,87120.00,2,1,1,''),(69,'2022-04-27 00:00:00',6,101640.00,1,1,1,''),(70,'2022-04-27 00:00:00',7,72600.00,2,1,1,''),(71,'2022-04-27 00:00:00',8,79860.00,1,1,1,''),(72,'2022-04-29 00:00:00',9,116160.00,1,1,1,''),(73,'2022-04-29 00:00:00',10,50820.00,2,1,1,''),(74,'2022-04-29 00:00:00',11,87120.00,1,1,1,''),(75,'2022-04-29 00:00:00',12,36300.00,2,1,1,''),(76,'2022-04-29 00:00:00',13,50820.00,1,1,1,''),(77,'2022-04-29 00:00:00',30,363000.00,2,1,1,''),(78,'2022-05-07 00:00:00',31,695750.00,1,1,1,''),(79,'2022-05-07 00:00:00',32,544500.00,2,1,1,''),(80,'2022-05-07 00:00:00',33,726000.00,1,1,1,''),(81,'2022-05-07 00:00:00',34,508200.00,2,1,1,''),(82,'2022-05-07 00:00:00',35,387200.00,1,1,1,''),(83,'2022-05-07 00:00:00',36,496100.00,2,1,1,''),(84,'2022-05-07 00:00:00',37,163350.00,1,1,1,''),(85,'2022-05-08 00:00:00',38,810700.00,1,1,1,''),(86,'2022-05-08 00:00:00',39,1185800.00,2,1,1,''),(87,'2022-05-08 00:00:00',40,363000.00,1,1,1,''),(88,'2022-05-08 00:00:00',41,575000.00,2,1,1,''),(89,'2022-05-08 00:00:00',42,450000.00,1,1,1,''),(90,'2022-05-08 00:00:00',43,600000.00,2,1,1,''),(91,'2022-05-27 00:00:00',44,420000.00,2,1,1,''),(92,'2022-05-27 00:00:00',45,320000.00,1,2,2,''),(93,'2022-05-27 00:00:00',46,496100.00,3,2,2,''),(94,'2022-05-27 00:00:00',47,254100.00,1,1,1,''),(95,'2022-05-27 00:00:00',1,72600.00,2,1,1,''),(96,'2022-05-27 00:00:00',2,72600.00,1,1,1,''),(97,'2022-05-28 00:00:00',3,79860.00,2,1,1,''),(98,'2022-05-28 00:00:00',4,50820.00,2,1,1,''),(99,'2022-05-29 00:00:00',5,87120.00,3,1,1,''),(100,'2022-05-29 00:00:00',6,101640.00,2,1,1,''),(101,'2022-05-29 00:00:00',7,72600.00,1,1,1,''),(102,'2022-05-29 00:00:00',8,79860.00,1,1,1,''),(103,'2022-05-29 00:00:00',9,116160.00,2,1,1,''),(104,'2022-05-29 00:00:00',10,50820.00,1,1,1,''),(105,'2022-05-30 00:00:00',11,87120.00,2,1,1,''),(106,'2022-06-08 00:00:00',12,36300.00,2,1,1,''),(107,'2022-06-08 00:00:00',13,50820.00,4,1,1,''),(108,'2022-06-08 00:00:00',12,363000.00,2,1,1,''),(109,'2022-06-08 00:00:00',13,695750.00,1,1,1,''),(110,'2022-06-08 00:00:00',14,544500.00,2,1,1,''),(111,'2022-06-08 00:00:00',15,726000.00,1,1,1,''),(112,'2022-06-09 00:00:00',16,420000.00,2,1,1,''),(113,'2022-06-13 00:00:00',17,387200.00,1,1,1,''),(114,'2022-06-13 00:00:00',18,496100.00,2,1,1,''),(115,'2022-06-13 00:00:00',19,254100.00,1,1,1,''),(116,'2022-06-13 00:00:00',20,605000.00,2,1,1,''),(117,'2022-06-13 00:00:00',21,762300.00,1,1,1,''),(118,'2022-06-20 00:00:00',22,484000.00,1,1,1,''),(119,'2022-06-20 00:00:00',23,320000.00,2,1,1,''),(120,'2022-06-20 00:00:00',24,410000.00,1,1,1,''),(121,'2022-06-20 00:00:00',1,72600.00,2,1,1,''),(122,'2022-06-26 00:00:00',2,72600.00,1,1,1,''),(123,'2022-06-26 00:00:00',3,79860.00,2,1,1,''),(124,'2022-06-26 00:00:00',4,50820.00,1,1,1,''),(125,'2022-06-26 00:00:00',5,87120.00,1,1,1,''),(126,'2022-06-26 00:00:00',6,101640.00,2,1,1,''),(127,'2022-06-26 00:00:00',7,72600.00,1,1,1,''),(128,'2022-06-26 00:00:00',8,79860.00,2,1,1,''),(129,'2022-06-26 00:00:00',9,116160.00,1,1,1,''),(130,'2022-06-26 00:00:00',10,50820.00,2,1,1,''),(131,'2022-06-26 00:00:00',11,87120.00,1,1,1,''),(132,'2022-06-26 00:00:00',36,363000.00,3,1,1,''),(133,'2022-06-28 00:00:00',37,883300.00,3,1,1,''),(134,'2022-06-28 00:00:00',38,574750.00,1,1,1,''),(135,'2022-06-28 00:00:00',39,738100.00,2,1,1,''),(136,'2022-06-28 00:00:00',40,527560.00,1,1,1,''),(137,'2022-06-28 00:00:00',41,325000.00,2,1,1,''),(138,'2022-06-28 00:00:00',42,417000.00,1,1,1,''),(139,'2022-06-28 00:00:00',43,265000.00,2,1,1,''),(140,'2022-07-01 00:00:00',44,515000.00,2,1,1,''),(141,'2022-07-01 00:00:00',45,645000.00,1,1,1,''),(142,'2022-07-01 00:00:00',46,498520.00,2,1,1,''),(143,'2022-07-01 00:00:00',1,79860.00,1,1,1,''),(144,'2022-07-01 00:00:00',2,79860.00,2,1,1,''),(145,'2022-07-06 00:00:00',3,87846.00,1,1,1,''),(146,'2022-07-06 00:00:00',4,55902.00,2,1,1,''),(147,'2022-07-06 00:00:00',5,95832.00,1,1,1,''),(148,'2022-07-06 00:00:00',6,111804.00,2,1,1,''),(149,'2022-07-25 00:00:00',7,79860.00,1,1,1,''),(150,'2022-07-25 00:00:00',8,87846.00,2,1,1,''),(151,'2022-07-25 00:00:00',9,127776.00,1,1,1,''),(152,'2022-07-25 00:00:00',10,55902.00,2,1,1,''),(153,'2022-07-25 00:00:00',11,95832.00,1,1,1,''),(154,'2022-07-25 00:00:00',9,363000.00,2,1,1,''),(155,'2022-07-30 00:00:00',10,695750.00,1,1,1,''),(156,'2022-07-30 00:00:00',11,544500.00,2,1,1,''),(157,'2022-07-30 00:00:00',12,726000.00,1,1,1,''),(158,'2022-07-30 00:00:00',13,508200.00,2,1,1,''),(159,'2022-07-30 00:00:00',14,387200.00,3,1,1,''),(160,'2022-08-09 00:00:00',15,496100.00,2,1,1,''),(161,'2022-08-09 00:00:00',16,210000.00,1,1,1,''),(162,'2022-08-09 00:00:00',17,605000.00,2,1,1,''),(163,'2022-08-09 00:00:00',50,1780000.00,1,2,2,''),(164,'2022-08-09 00:00:00',18,484000.00,2,1,1,''),(165,'2022-08-09 00:00:00',19,816750.00,1,1,1,''),(166,'2022-08-09 00:00:00',20,544500.00,2,1,1,''),(167,'2022-08-09 00:00:00',21,726000.00,1,1,1,''),(168,'2022-08-09 00:00:00',22,181500.00,2,1,1,''),(169,'2022-08-09 00:00:00',23,300000.00,1,1,1,''),(170,'2022-08-10 00:00:00',1,79860.00,2,1,1,''),(171,'2022-08-29 00:00:00',2,79860.00,2,1,1,''),(172,'2022-08-29 00:00:00',3,87846.00,1,1,1,''),(173,'2022-08-29 00:00:00',4,55902.00,2,2,2,''),(174,'2022-09-04 00:00:00',5,95832.00,1,1,1,''),(175,'2022-09-04 00:00:00',6,111804.00,2,1,1,''),(176,'2022-09-04 00:00:00',7,79860.00,1,1,1,''),(177,'2022-09-04 00:00:00',8,87846.00,2,1,1,''),(178,'2022-09-04 00:00:00',9,127776.00,1,1,1,''),(179,'2022-09-04 00:00:00',10,55902.00,2,1,1,''),(180,'2022-09-04 00:00:00',11,95832.00,1,1,1,''),(181,'2022-09-04 00:00:00',17,108900.00,2,1,1,''),(182,'2022-09-04 00:00:00',37,484000.00,1,1,1,''),(183,'2022-09-04 00:00:00',38,695750.00,2,1,1,''),(184,'2022-09-04 00:00:00',39,544500.00,1,1,1,''),(185,'2022-09-04 00:00:00',40,726000.00,2,1,1,''),(186,'2022-09-10 00:00:00',41,160000.00,1,1,1,''),(187,'2022-09-10 00:00:00',42,320000.00,2,1,1,''),(188,'2022-09-10 00:00:00',43,435000.00,1,1,1,''),(189,'2022-09-10 00:00:00',44,350000.00,2,1,1,''),(190,'2022-09-11 00:00:00',45,160000.00,3,1,1,''),(191,'2022-09-11 00:00:00',18,108900.00,2,1,1,''),(192,'2022-09-11 00:00:00',19,102850.00,1,1,1,''),(193,'2022-09-11 00:00:00',20,84700.00,2,1,1,''),(194,'2022-09-13 00:00:00',50,2000000.00,1,1,1,''),(195,'2022-09-13 00:00:00',1,526350.00,2,1,1,''),(196,'2022-09-13 00:00:00',2,423500.00,1,1,1,''),(197,'2022-09-13 00:00:00',3,387200.00,3,1,1,''),(198,'2022-09-13 00:00:00',1,79860.00,1,1,1,''),(199,'2022-09-13 00:00:00',2,79860.00,2,1,1,''),(200,'2022-09-13 00:00:00',3,87846.00,1,1,1,''),(201,'2022-09-13 00:00:00',4,55902.00,2,1,1,''),(202,'2022-09-13 00:00:00',5,95832.00,1,1,1,''),(203,'2022-09-14 00:00:00',6,111804.00,1,1,1,''),(204,'2022-09-14 00:00:00',7,79860.00,2,1,1,''),(205,'2022-09-14 00:00:00',8,87846.00,1,1,1,''),(206,'2022-09-16 00:00:00',9,127776.00,1,1,1,''),(207,'2022-09-16 00:00:00',10,55902.00,2,1,1,''),(208,'2022-09-16 00:00:00',11,95832.00,1,1,1,''),(209,'2022-09-16 00:00:00',17,108900.00,2,1,1,''),(210,'2022-09-16 00:00:00',18,108900.00,1,1,1,''),(211,'2022-09-20 00:00:00',19,102850.00,1,1,1,''),(212,'2022-09-20 00:00:00',18,498520.00,2,1,1,''),(213,'2022-09-20 00:00:00',19,701800.00,1,1,1,''),(214,'2022-09-20 00:00:00',20,574750.00,2,1,1,''),(215,'2022-09-20 00:00:00',21,762300.00,1,1,1,''),(216,'2022-09-20 00:00:00',22,193600.00,2,1,1,''),(217,'2022-09-20 00:00:00',23,300000.00,1,1,1,''),(218,'2022-09-20 00:00:00',24,420000.00,2,1,1,''),(219,'2022-09-20 00:00:00',25,320000.00,1,1,1,''),(220,'2022-09-20 00:00:00',26,160000.00,2,1,1,''),(221,'2022-09-21 00:00:00',27,484000.00,2,1,1,''),(222,'2022-09-21 00:00:00',28,695750.00,1,2,2,''),(223,'2022-09-25 00:00:00',50,2500000.00,2,1,1,''),(224,'2022-10-03 00:00:00',30,726000.00,2,1,1,''),(225,'2022-10-03 00:00:00',31,181500.00,1,1,1,''),(226,'2022-10-03 00:00:00',50,1400000.00,2,2,2,''),(227,'2022-10-05 00:00:00',50,1750000.00,1,2,2,''),(228,'2022-10-10 00:00:00',1,387200.00,2,1,1,''),(229,'2022-10-10 00:00:00',2,193600.00,1,1,1,''),(230,'2022-10-10 00:00:00',3,87846.00,2,1,1,''),(231,'2022-10-10 00:00:00',4,55902.00,1,1,1,''),(232,'2022-10-10 00:00:00',5,95832.00,2,1,1,''),(233,'2022-10-10 00:00:00',6,111804.00,1,1,1,''),(234,'2022-10-10 00:00:00',7,79860.00,2,1,1,''),(235,'2022-10-15 00:00:00',8,87846.00,1,1,1,''),(236,'2022-10-15 00:00:00',9,127776.00,2,1,1,''),(237,'2022-10-15 00:00:00',10,55902.00,1,1,1,''),(238,'2022-10-15 00:00:00',11,95832.00,2,1,1,''),(239,'2022-10-15 00:00:00',17,108900.00,1,1,1,''),(240,'2022-10-15 00:00:00',18,108900.00,2,1,1,''),(241,'2022-10-15 00:00:00',47,181500.00,1,1,1,''),(242,'2022-11-06 00:00:00',50,2100000.00,2,2,2,''),(243,'2022-11-06 00:00:00',49,181500.00,1,1,1,''),(244,'2022-11-06 00:00:00',1,363000.00,2,1,1,''),(245,'2022-11-06 00:00:00',2,508200.00,1,1,1,''),(246,'2022-11-06 00:00:00',3,387200.00,2,1,1,''),(247,'2022-11-06 00:00:00',4,193600.00,1,1,1,''),(248,'2022-11-06 00:00:00',50,1980000.00,2,2,2,''),(249,'2022-11-06 00:00:00',6,695750.00,3,1,1,''),(250,'2022-11-09 00:00:00',7,181500.00,1,2,2,''),(251,'2022-11-09 00:00:00',8,363000.00,2,2,2,''),(252,'2022-11-09 00:00:00',9,508200.00,1,1,1,''),(253,'2022-11-09 00:00:00',10,387200.00,2,1,1,''),(254,'2022-11-09 00:00:00',11,193600.00,1,1,1,''),(255,'2022-11-09 00:00:00',12,484000.00,2,1,1,''),(256,'2022-11-10 00:00:00',13,695750.00,2,1,1,''),(257,'2022-11-10 00:00:00',14,181500.00,1,1,1,''),(258,'2022-11-10 00:00:00',15,363000.00,2,1,1,''),(259,'2022-11-10 00:00:00',16,420000.00,1,1,1,''),(260,'2022-11-10 00:00:00',17,387200.00,2,1,1,''),(261,'2022-11-20 00:00:00',50,2160000.00,1,1,1,''),(262,'2022-11-20 00:00:00',50,1500000.00,2,1,1,''),(263,'2022-11-20 00:00:00',18,695750.00,1,1,1,''),(264,'2022-11-20 00:00:00',21,363000.00,2,1,1,''),(265,'2022-11-20 00:00:00',22,508200.00,1,1,1,''),(266,'2022-11-20 00:00:00',23,320000.00,2,1,1,''),(267,'2022-11-20 00:00:00',1,84651.60,1,1,1,''),(268,'2022-11-20 00:00:00',2,84651.60,2,1,1,''),(269,'2022-11-20 00:00:00',3,93116.76,1,1,1,''),(270,'2022-11-28 00:00:00',4,59256.12,2,1,1,''),(271,'2022-11-28 00:00:00',5,101581.92,1,1,1,''),(272,'2022-11-28 00:00:00',6,118512.24,2,1,1,''),(273,'2022-11-28 00:00:00',7,84651.60,1,1,1,''),(274,'2022-11-28 00:00:00',8,93116.76,2,1,1,''),(275,'2022-11-28 00:00:00',9,135442.56,1,1,1,''),(276,'2022-11-28 00:00:00',10,59256.12,2,1,1,''),(277,'2022-11-28 00:00:00',11,101581.92,1,1,1,''),(278,'2022-11-29 00:00:00',17,115434.00,2,1,1,''),(279,'2022-11-29 00:00:00',18,115434.00,1,1,1,''),(280,'2022-11-29 00:00:00',43,400000.00,2,1,1,''),(281,'2022-11-30 00:00:00',44,580000.00,1,1,1,''),(282,'2022-11-30 00:00:00',45,450000.00,2,1,1,''),(283,'2022-11-30 00:00:00',46,726000.00,1,1,1,''),(284,'2022-11-30 00:00:00',47,181500.00,2,1,1,''),(285,'2022-11-30 00:00:00',48,363000.00,3,1,1,''),(286,'2022-11-30 00:00:00',49,508200.00,2,1,1,''),(287,'2022-11-30 00:00:00',34,387200.00,1,1,1,''),(288,'2022-11-30 00:00:00',35,193600.00,2,1,1,''),(289,'2022-11-30 00:00:00',36,484000.00,1,1,1,''),(290,'2022-11-30 00:00:00',50,2300000.00,2,2,2,''),(291,'2022-11-30 00:00:00',38,181500.00,1,1,1,''),(292,'2022-11-30 00:00:00',39,363000.00,2,1,1,''),(293,'2022-11-30 00:00:00',40,508200.00,1,1,1,''),(294,'2022-11-30 00:00:00',41,320000.00,2,1,1,''),(295,'2022-11-30 00:00:00',42,160000.00,1,1,1,''),(296,'2022-11-30 00:00:00',43,400000.00,2,1,1,''),(297,'2022-12-01 00:00:00',1,84651.60,3,1,1,''),(298,'2022-12-07 00:00:00',45,150000.00,2,1,1,''),(299,'2022-12-09 00:00:00',46,363000.00,1,1,1,''),(300,'2022-12-09 00:00:00',47,508200.00,2,1,1,''),(301,'2022-12-09 00:00:00',48,387200.00,1,1,1,''),(302,'2022-12-09 00:00:00',49,193600.00,2,1,1,''),(303,'2022-12-09 00:00:00',1,484000.00,1,1,1,''),(304,'2022-12-10 00:00:00',2,84651.60,2,1,1,''),(305,'2022-12-10 00:00:00',3,93116.76,1,1,1,''),(306,'2022-12-10 00:00:00',4,59256.12,2,1,1,''),(307,'2022-12-10 00:00:00',5,101581.92,1,1,1,''),(308,'2022-12-10 00:00:00',6,118512.24,2,1,1,''),(309,'2022-12-10 00:00:00',7,84651.60,1,1,1,''),(310,'2022-12-10 00:00:00',8,93116.76,2,1,1,''),(311,'2022-12-10 00:00:00',9,135442.56,1,1,1,''),(312,'2022-12-10 00:00:00',10,59256.12,2,1,1,''),(313,'2022-12-10 00:00:00',11,101581.92,1,1,1,''),(314,'2022-12-10 00:00:00',17,115434.00,2,1,1,''),(315,'2022-12-10 00:00:00',18,115434.00,1,1,1,''),(316,'2022-12-15 00:00:00',21,121000.00,2,1,1,''),(317,'2022-12-15 00:00:00',22,121000.00,1,1,1,''),(318,'2022-12-15 00:00:00',40,181500.00,2,1,1,''),(319,'2022-12-26 00:00:00',50,2600000.00,2,1,1,'');
/*!40000 ALTER TABLE `cobros` ENABLE KEYS */;
UNLOCK TABLES;

--
-- Table structure for table `comercial`
--

DROP TABLE IF EXISTS `comercial`;
/*!40101 SET @saved_cs_client     = @@character_set_client */;
/*!50503 SET character_set_client = utf8mb4 */;
CREATE TABLE `comercial` (
  `Id_Comercial` int NOT NULL AUTO_INCREMENT,
  `Nombre` tinytext NOT NULL,
  PRIMARY KEY (`Id_Comercial`)
) ENGINE=InnoDB AUTO_INCREMENT=11 DEFAULT CHARSET=utf8mb4 COLLATE=utf8mb4_0900_ai_ci;
/*!40101 SET character_set_client = @saved_cs_client */;

--
-- Dumping data for table `comercial`
--

LOCK TABLES `comercial` WRITE;
/*!40000 ALTER TABLE `comercial` DISABLE KEYS */;
INSERT INTO `comercial` VALUES (1,'Kerr Flatte'),(2,'Drucie Archbald'),(3,'Guillemette Stockhill'),(4,'Bary Jansa'),(5,'Queenie Edwick'),(6,'Kally Ritchie'),(7,'Anatol Dunklee'),(8,'Pip Sparrowhawk'),(9,'Richart Lamprecht'),(10,'Jephthah Leimster');
/*!40000 ALTER TABLE `comercial` ENABLE KEYS */;
UNLOCK TABLES;

--
-- Table structure for table `costo_de_venta`
--

DROP TABLE IF EXISTS `costo_de_venta`;
/*!40101 SET @saved_cs_client     = @@character_set_client */;
/*!50503 SET character_set_client = utf8mb4 */;
CREATE TABLE `costo_de_venta` (
  `Id_CostoVenta` int NOT NULL AUTO_INCREMENT,
  `Fecha` datetime NOT NULL,
  `Id_unidad_de_negocio` int NOT NULL,
  `Id_Proveedor` int NOT NULL,
  `Id_Venta` int NOT NULL,
  `Id_Pago` varchar(60) NOT NULL,
  `Monto` decimal(20,2) NOT NULL,
  `Id_Factura` int NOT NULL,
  `Total` decimal(20,2) NOT NULL,
  PRIMARY KEY (`Id_CostoVenta`),
  KEY `Id_unidad_de_negocio` (`Id_unidad_de_negocio`),
  KEY `Id_Proveedor` (`Id_Proveedor`),
  KEY `Id_Venta` (`Id_Venta`),
  KEY `Id_Factura` (`Id_Factura`),
  KEY `Id_Pago` (`Id_Pago`),
  CONSTRAINT `costo_de_venta_ibfk_1` FOREIGN KEY (`Id_unidad_de_negocio`) REFERENCES `unidad_de_negocio` (`Id_unidad_de_negocio`),
  CONSTRAINT `costo_de_venta_ibfk_2` FOREIGN KEY (`Id_Proveedor`) REFERENCES `proveedores` (`Id_Proveedor`),
  CONSTRAINT `costo_de_venta_ibfk_3` FOREIGN KEY (`Id_Venta`) REFERENCES `ventas` (`Id_Venta`),
  CONSTRAINT `costo_de_venta_ibfk_4` FOREIGN KEY (`Id_Factura`) REFERENCES `tipo_de_factura` (`Id_Factura`),
  CONSTRAINT `Id_Pago` FOREIGN KEY (`Id_Pago`) REFERENCES `pagos` (`Id_Pago`)
) ENGINE=InnoDB AUTO_INCREMENT=591 DEFAULT CHARSET=utf8mb4 COLLATE=utf8mb4_0900_ai_ci;
/*!40101 SET character_set_client = @saved_cs_client */;

--
-- Dumping data for table `costo_de_venta`
--

LOCK TABLES `costo_de_venta` WRITE;
/*!40000 ALTER TABLE `costo_de_venta` DISABLE KEYS */;
INSERT INTO `costo_de_venta` VALUES (1,'2022-01-14 00:00:00',1,1,17,'P33',15000.00,1,18150.00),(2,'2022-01-14 00:00:00',1,2,17,'P34',50000.00,1,60500.00),(3,'2022-01-14 00:00:00',1,3,17,'P35',20000.00,1,24200.00),(4,'2022-01-14 00:00:00',1,4,18,'P36',24000.00,1,29040.00),(5,'2022-01-14 00:00:00',1,6,18,'P37',45000.00,1,54450.00),(6,'2022-01-25 00:00:00',1,10,19,'P39',100000.00,1,121000.00),(7,'2022-01-25 00:00:00',1,10,20,'P40',100000.00,1,121000.00),(8,'2022-01-25 00:00:00',1,34,21,'P41',67000.00,1,81070.00),(9,'2022-01-25 00:00:00',1,15,21,'P42',50000.00,1,60500.00),(10,'2022-01-25 00:00:00',1,2,21,'P43',20000.00,1,24200.00),(11,'2022-01-25 00:00:00',1,10,22,'P44',180000.00,1,217800.00),(12,'2022-01-25 00:00:00',1,47,23,'P45',15000.00,1,18150.00),(13,'2022-01-25 00:00:00',1,38,23,'P46',50000.00,1,60500.00),(14,'2022-01-25 00:00:00',1,14,23,'P47',45000.00,1,54450.00),(15,'2022-01-25 00:00:00',1,10,23,'P48',140000.00,1,169400.00),(16,'2022-01-25 00:00:00',1,10,24,'P49',250000.00,1,302500.00),(17,'2022-01-25 00:00:00',1,15,24,'P50',40000.00,1,48400.00),(18,'2022-01-25 00:00:00',1,9,24,'P51',25000.00,1,30250.00),(19,'2022-01-25 00:00:00',1,5,24,'P52',100000.00,1,121000.00),(20,'2022-01-25 00:00:00',1,4,24,'P53',8000.00,1,9680.00),(21,'2022-01-28 00:00:00',1,14,25,'P54',150000.00,1,181500.00),(22,'2022-01-28 00:00:00',1,12,25,'P55',20000.00,1,24200.00),(23,'2022-01-28 00:00:00',1,28,25,'P56',80000.00,1,96800.00),(24,'2022-01-28 00:00:00',1,36,25,'P57',125000.00,1,151250.00),(25,'2022-01-28 00:00:00',1,10,26,'P58',325000.00,1,393250.00),(26,'2022-01-28 00:00:00',1,24,26,'P59',45000.00,1,54450.00),(27,'2022-01-28 00:00:00',1,30,26,'P60',80000.00,1,96800.00),(28,'2022-01-28 00:00:00',1,47,26,'P61',90000.00,1,108900.00),(29,'2022-01-28 00:00:00',1,10,27,'P62',200000.00,1,242000.00),(30,'2022-01-28 00:00:00',1,15,27,'P63',45000.00,1,54450.00),(31,'2022-01-28 00:00:00',1,12,27,'P64',140000.00,1,169400.00),(32,'2022-01-28 00:00:00',1,30,28,'P65',110000.00,1,133100.00),(33,'2022-01-28 00:00:00',1,47,28,'P66',90000.00,1,108900.00),(34,'2022-01-28 00:00:00',1,50,28,'P67',60000.00,1,72600.00),(35,'2022-01-28 00:00:00',1,10,29,'P68',200000.00,1,242000.00),(36,'2022-01-28 00:00:00',1,15,29,'P69',30000.00,1,36300.00),(37,'2022-01-28 00:00:00',1,12,29,'P70',140000.00,1,169400.00),(38,'2022-01-28 00:00:00',1,10,30,'P71',150000.00,1,181500.00),(39,'2022-01-28 00:00:00',1,10,31,'P72',100000.00,1,121000.00),(40,'2022-01-31 00:00:00',1,14,32,'P74',100000.00,1,121000.00),(41,'2022-01-31 00:00:00',1,17,32,'P75',54000.00,1,65340.00),(42,'2022-02-07 00:00:00',1,10,34,'P104',100000.00,1,121000.00),(43,'2022-02-07 00:00:00',1,14,34,'P105',50000.00,1,60500.00),(44,'2022-02-07 00:00:00',1,17,34,'P106',34000.00,1,41140.00),(45,'2022-02-08 00:00:00',1,10,47,'P133',150000.00,1,181500.00),(46,'2022-02-08 00:00:00',1,5,47,'P134',75000.00,1,90750.00),(47,'2022-02-08 00:00:00',1,4,48,'P135',110000.00,1,133100.00),(48,'2022-02-08 00:00:00',1,23,48,'P136',56000.00,1,67760.00),(49,'2022-02-08 00:00:00',1,8,48,'P137',78000.00,1,94380.00),(50,'2022-02-08 00:00:00',1,19,48,'P138',34000.00,1,41140.00),(51,'2022-02-15 00:00:00',1,10,50,'P141',200000.00,1,242000.00),(52,'2022-02-15 00:00:00',1,6,50,'P142',50000.00,1,60500.00),(53,'2022-02-15 00:00:00',1,1,50,'P143',61000.00,1,73810.00),(54,'2022-02-15 00:00:00',1,39,50,'P144',24000.00,1,29040.00),(55,'2022-02-15 00:00:00',1,10,52,'P146',150000.00,1,181500.00),(56,'2022-02-28 00:00:00',1,4,53,'P150',160000.00,1,193600.00),(57,'2022-02-28 00:00:00',1,8,54,'P151',90000.00,1,108900.00),(58,'2022-02-28 00:00:00',1,10,55,'P152',250000.00,1,302500.00),(59,'2022-02-28 00:00:00',1,15,55,'P153',40000.00,1,48400.00),(60,'2022-02-28 00:00:00',1,9,55,'P154',25000.00,1,30250.00),(61,'2022-02-28 00:00:00',1,5,55,'P155',100000.00,1,121000.00),(62,'2022-02-28 00:00:00',1,4,55,'P156',8000.00,1,9680.00),(63,'2022-02-28 00:00:00',1,14,56,'P157',150000.00,1,181500.00),(64,'2022-02-28 00:00:00',1,12,56,'P158',20000.00,1,24200.00),(65,'2022-02-28 00:00:00',1,28,56,'P159',80000.00,1,96800.00),(66,'2022-02-28 00:00:00',1,36,56,'P160',125000.00,1,151250.00),(67,'2022-02-28 00:00:00',1,17,57,'P161',80000.00,1,96800.00),(68,'2022-02-28 00:00:00',1,10,58,'P162',150000.00,1,181500.00),(69,'2022-02-28 00:00:00',1,17,58,'P163',80000.00,1,96800.00),(70,'2022-02-28 00:00:00',1,10,59,'P164',150000.00,1,181500.00),(71,'2022-02-28 00:00:00',1,24,60,'P165',90000.00,1,108900.00),(72,'2022-02-28 00:00:00',2,51,61,'P166',1064000.00,3,1064000.00),(73,'2022-02-28 00:00:00',1,15,63,'P167',100000.00,1,121000.00),(74,'2022-03-09 00:00:00',1,4,64,'P187',110000.00,1,133100.00),(75,'2022-03-09 00:00:00',1,23,64,'P188',56000.00,1,67760.00),(76,'2022-03-09 00:00:00',1,8,64,'P189',78000.00,1,94380.00),(77,'2022-03-09 00:00:00',1,19,64,'P190',34000.00,1,41140.00),(78,'2022-03-14 00:00:00',1,10,77,'P217',150000.00,1,181500.00),(79,'2022-03-14 00:00:00',1,17,77,'P218',80000.00,1,96800.00),(80,'2022-03-28 00:00:00',1,10,78,'P223',250000.00,1,302500.00),(81,'2022-03-28 00:00:00',1,15,78,'P224',40000.00,1,48400.00),(82,'2022-03-28 00:00:00',1,9,78,'P225',25000.00,1,30250.00),(83,'2022-03-28 00:00:00',1,5,78,'P226',100000.00,1,121000.00),(84,'2022-03-28 00:00:00',1,4,78,'P227',8000.00,1,9680.00),(85,'2022-03-28 00:00:00',1,14,79,'P228',150000.00,1,181500.00),(86,'2022-03-28 00:00:00',1,12,79,'P229',20000.00,1,24200.00),(87,'2022-03-28 00:00:00',1,28,79,'P230',80000.00,1,96800.00),(88,'2022-03-28 00:00:00',1,36,79,'P231',125000.00,1,151250.00),(89,'2022-03-28 00:00:00',1,10,80,'P232',325000.00,1,393250.00),(90,'2022-03-28 00:00:00',1,24,80,'P233',45000.00,1,54450.00),(91,'2022-03-28 00:00:00',1,30,80,'P234',80000.00,1,96800.00),(92,'2022-03-28 00:00:00',1,47,80,'P235',90000.00,1,108900.00),(93,'2022-03-28 00:00:00',1,10,81,'P236',200000.00,1,242000.00),(94,'2022-03-28 00:00:00',1,15,81,'P237',45000.00,1,54450.00),(95,'2022-03-28 00:00:00',1,12,81,'P238',140000.00,1,169400.00),(96,'2022-03-28 00:00:00',1,30,82,'P239',110000.00,1,133100.00),(97,'2022-03-28 00:00:00',1,47,82,'P240',90000.00,1,108900.00),(98,'2022-03-28 00:00:00',1,50,82,'P241',60000.00,1,72600.00),(99,'2022-03-28 00:00:00',1,10,83,'P243',200000.00,1,242000.00),(100,'2022-03-28 00:00:00',1,15,83,'P244',45000.00,1,54450.00),(101,'2022-03-28 00:00:00',1,12,83,'P245',140000.00,1,169400.00),(102,'2022-03-28 00:00:00',1,23,84,'P247',100000.00,1,121000.00),(103,'2022-03-28 00:00:00',2,52,85,'P248',469000.00,3,469000.00),(104,'2022-03-28 00:00:00',2,52,86,'P254',686000.00,3,686000.00),(105,'2022-03-28 00:00:00',1,10,87,'P260',150000.00,1,181500.00),(106,'2022-03-28 00:00:00',1,17,87,'P261',80000.00,1,96800.00),(107,'2022-03-28 00:00:00',1,10,88,'P262',250000.00,1,302500.00),(108,'2022-03-28 00:00:00',1,15,88,'P263',40000.00,1,48400.00),(109,'2022-03-28 00:00:00',1,9,88,'P264',25000.00,1,30250.00),(110,'2022-03-28 00:00:00',1,5,88,'P265',100000.00,1,121000.00),(111,'2022-03-28 00:00:00',1,4,88,'P266',8000.00,1,9680.00),(112,'2022-03-28 00:00:00',1,14,89,'P267',150000.00,1,181500.00),(113,'2022-03-28 00:00:00',1,12,89,'P268',20000.00,1,24200.00),(114,'2022-03-28 00:00:00',1,28,89,'P269',80000.00,1,96800.00),(115,'2022-03-28 00:00:00',1,36,89,'P270',125000.00,1,151250.00),(116,'2022-03-29 00:00:00',1,10,90,'P274',325000.00,1,393250.00),(117,'2022-03-29 00:00:00',1,24,90,'P275',45000.00,1,54450.00),(118,'2022-03-29 00:00:00',1,30,90,'P276',80000.00,1,96800.00),(119,'2022-03-29 00:00:00',1,47,90,'P277',90000.00,1,108900.00),(120,'2022-03-30 00:00:00',1,10,91,'P280',200000.00,1,242000.00),(121,'2022-03-30 00:00:00',1,15,91,'P281',45000.00,1,54450.00),(122,'2022-03-30 00:00:00',1,12,91,'P282',140000.00,1,169400.00),(123,'2022-03-30 00:00:00',1,30,92,'P285',110000.00,1,133100.00),(124,'2022-03-30 00:00:00',1,47,92,'P286',90000.00,1,108900.00),(125,'2022-03-30 00:00:00',1,50,92,'P287',60000.00,1,72600.00),(126,'2022-03-30 00:00:00',1,10,93,'P288',200000.00,1,242000.00),(127,'2022-03-30 00:00:00',1,15,93,'P289',45000.00,1,54450.00),(128,'2022-03-30 00:00:00',1,12,93,'P290',140000.00,1,169400.00),(129,'2022-03-31 00:00:00',1,4,94,'P294',160000.00,1,193600.00),(130,'2022-04-07 00:00:00',1,10,108,'P339',150000.00,1,181500.00),(131,'2022-04-07 00:00:00',1,17,108,'P340',80000.00,1,96800.00),(132,'2022-04-07 00:00:00',1,10,109,'P341',250000.00,1,302500.00),(133,'2022-04-07 00:00:00',1,15,109,'P342',40000.00,1,48400.00),(134,'2022-04-07 00:00:00',1,9,109,'P343',25000.00,1,30250.00),(135,'2022-04-07 00:00:00',1,5,109,'P344',100000.00,1,121000.00),(136,'2022-04-07 00:00:00',1,4,109,'P345',8000.00,1,9680.00),(137,'2022-04-28 00:00:00',1,14,110,'P351',150000.00,1,181500.00),(138,'2022-04-28 00:00:00',1,12,110,'P352',20000.00,1,24200.00),(139,'2022-04-28 00:00:00',1,28,110,'P353',80000.00,1,96800.00),(140,'2022-04-28 00:00:00',1,36,110,'P354',125000.00,1,151250.00),(141,'2022-04-29 00:00:00',1,10,111,'P355',325000.00,1,393250.00),(142,'2022-04-29 00:00:00',1,24,111,'P356',45000.00,1,54450.00),(143,'2022-04-29 00:00:00',1,30,111,'P357',80000.00,1,96800.00),(144,'2022-04-29 00:00:00',1,47,111,'P358',90000.00,1,108900.00),(145,'2022-04-29 00:00:00',1,10,112,'P359',200000.00,1,242000.00),(146,'2022-04-29 00:00:00',1,15,112,'P360',45000.00,1,54450.00),(147,'2022-04-29 00:00:00',1,12,112,'P361',140000.00,1,169400.00),(148,'2022-04-29 00:00:00',1,30,113,'P362',110000.00,1,133100.00),(149,'2022-04-29 00:00:00',1,47,113,'P363',90000.00,1,108900.00),(150,'2022-04-29 00:00:00',1,50,113,'P364',60000.00,1,72600.00),(151,'2022-04-29 00:00:00',1,10,114,'P365',200000.00,1,242000.00),(152,'2022-04-29 00:00:00',1,15,114,'P366',45000.00,1,54450.00),(153,'2022-04-29 00:00:00',1,12,114,'P367',140000.00,1,169400.00),(154,'2022-04-29 00:00:00',1,4,115,'P368',160000.00,1,193600.00),(155,'2022-04-29 00:00:00',1,7,116,'P369',65000.00,1,78650.00),(156,'2022-04-29 00:00:00',1,11,116,'P370',24000.00,1,29040.00),(157,'2022-04-29 00:00:00',1,37,116,'P371',120000.00,1,145200.00),(158,'2022-04-29 00:00:00',1,42,116,'P372',37000.00,1,44770.00),(159,'2022-04-29 00:00:00',1,41,116,'P373',145000.00,1,175450.00),(160,'2022-04-29 00:00:00',1,23,116,'P374',45000.00,1,54450.00),(161,'2022-04-29 00:00:00',1,11,117,'P375',120000.00,1,145200.00),(162,'2022-04-29 00:00:00',1,13,117,'P376',12000.00,1,14520.00),(163,'2022-04-29 00:00:00',1,7,117,'P377',25000.00,1,30250.00),(164,'2022-04-29 00:00:00',1,16,117,'P378',200000.00,1,242000.00),(165,'2022-04-29 00:00:00',1,20,117,'P379',67000.00,1,81070.00),(166,'2022-04-29 00:00:00',1,25,117,'P380',37000.00,1,44770.00),(167,'2022-04-29 00:00:00',1,27,117,'P381',70000.00,1,84700.00),(168,'2022-04-29 00:00:00',1,29,117,'P384',35000.00,1,42350.00),(169,'2022-04-29 00:00:00',1,11,118,'P385',120000.00,1,145200.00),(170,'2022-04-29 00:00:00',1,13,118,'P386',68000.00,1,82280.00),(171,'2022-04-29 00:00:00',1,7,118,'P387',150000.00,1,181500.00),(172,'2022-04-29 00:00:00',1,30,119,'P388',110000.00,1,133100.00),(173,'2022-04-29 00:00:00',1,47,119,'P389',90000.00,1,108900.00),(174,'2022-04-29 00:00:00',1,50,119,'P390',60000.00,1,72600.00),(175,'2022-04-30 00:00:00',1,10,120,'P402',200000.00,1,242000.00),(176,'2022-04-30 00:00:00',1,15,120,'P403',45000.00,1,54450.00),(177,'2022-04-30 00:00:00',1,12,120,'P404',140000.00,1,169400.00),(178,'2022-05-04 00:00:00',1,31,132,'P447',130000.00,1,157300.00),(179,'2022-05-04 00:00:00',1,33,132,'P448',28000.00,1,33880.00),(180,'2022-05-04 00:00:00',1,17,132,'P449',45000.00,1,54450.00),(181,'2022-05-04 00:00:00',1,35,132,'P450',35000.00,1,42350.00),(182,'2022-05-31 00:00:00',1,11,133,'P464',200000.00,1,242000.00),(183,'2022-05-31 00:00:00',1,13,133,'P465',110000.00,1,133100.00),(184,'2022-05-31 00:00:00',1,7,133,'P466',24000.00,1,29040.00),(185,'2022-05-31 00:00:00',1,16,133,'P467',50000.00,1,60500.00),(186,'2022-05-31 00:00:00',1,20,133,'P468',120000.00,1,145200.00),(187,'2022-05-31 00:00:00',1,25,133,'P469',90000.00,1,108900.00),(188,'2022-05-31 00:00:00',1,47,133,'P470',54000.00,1,65340.00),(189,'2022-05-31 00:00:00',1,50,134,'P471',200000.00,1,242000.00),(190,'2022-05-31 00:00:00',1,10,134,'P472',45000.00,1,54450.00),(191,'2022-05-31 00:00:00',1,15,134,'P473',125000.00,1,151250.00),(192,'2022-05-31 00:00:00',1,12,134,'P474',24000.00,1,29040.00),(193,'2022-05-31 00:00:00',1,33,134,'P475',30000.00,1,36300.00),(194,'2022-05-31 00:00:00',1,10,135,'P476',325000.00,1,393250.00),(195,'2022-05-31 00:00:00',1,24,135,'P480',55000.00,1,66550.00),(196,'2022-05-31 00:00:00',1,30,135,'P481',85000.00,1,102850.00),(197,'2022-05-31 00:00:00',1,47,135,'P482',100000.00,1,121000.00),(198,'2022-05-31 00:00:00',1,10,136,'P483',210000.00,1,254100.00),(199,'2022-05-31 00:00:00',1,15,136,'P484',50000.00,1,60500.00),(200,'2022-05-31 00:00:00',1,12,136,'P485',140000.00,1,169400.00),(201,'2022-05-31 00:00:00',1,30,137,'P486',115000.00,1,139150.00),(202,'2022-05-31 00:00:00',1,47,137,'P487',90000.00,1,108900.00),(203,'2022-05-31 00:00:00',1,50,137,'P488',60000.00,1,72600.00),(204,'2022-05-31 00:00:00',1,10,138,'P489',200000.00,1,242000.00),(205,'2022-05-31 00:00:00',1,15,138,'P490',45000.00,1,54450.00),(206,'2022-05-31 00:00:00',1,12,138,'P491',140000.00,1,169400.00),(207,'2022-05-31 00:00:00',1,21,139,'P492',35000.00,1,42350.00),(208,'2022-05-31 00:00:00',1,26,139,'P493',45000.00,1,54450.00),(209,'2022-05-31 00:00:00',1,32,139,'P494',80000.00,1,96800.00),(210,'2022-05-31 00:00:00',1,44,139,'P495',44000.00,1,53240.00),(211,'2022-05-31 00:00:00',1,50,140,'P498',200000.00,1,242000.00),(212,'2022-05-31 00:00:00',1,10,140,'P499',45000.00,1,54450.00),(213,'2022-05-31 00:00:00',1,15,140,'P500',125000.00,1,151250.00),(214,'2022-05-31 00:00:00',1,12,140,'P501',24000.00,1,29040.00),(215,'2022-05-31 00:00:00',1,44,140,'P502',44000.00,1,53240.00),(216,'2022-05-31 00:00:00',1,15,140,'P503',45000.00,1,54450.00),(217,'2022-05-31 00:00:00',1,43,141,'P504',140000.00,1,169400.00),(218,'2022-05-31 00:00:00',1,44,141,'P505',45000.00,1,54450.00),(219,'2022-05-31 00:00:00',1,45,141,'P506',125000.00,1,151250.00),(220,'2022-05-31 00:00:00',1,18,141,'P507',24000.00,1,29040.00),(221,'2022-05-31 00:00:00',1,21,141,'P508',250000.00,1,302500.00),(222,'2022-05-31 00:00:00',1,22,142,'P515',140000.00,1,169400.00),(223,'2022-05-31 00:00:00',1,3,142,'P516',45000.00,1,54450.00),(224,'2022-05-31 00:00:00',1,16,142,'P517',125000.00,1,151250.00),(225,'2022-05-31 00:00:00',1,32,142,'P518',24000.00,1,29040.00),(226,'2022-06-06 00:00:00',1,45,154,'P549',45000.00,1,54450.00),(227,'2022-06-06 00:00:00',1,46,154,'P550',125000.00,1,151250.00),(228,'2022-06-30 00:00:00',1,18,155,'P558',250000.00,1,302500.00),(229,'2022-06-30 00:00:00',1,21,155,'P559',140000.00,1,169400.00),(230,'2022-06-30 00:00:00',1,22,155,'P560',95000.00,1,114950.00),(231,'2022-06-30 00:00:00',1,3,156,'P561',125000.00,1,151250.00),(232,'2022-06-30 00:00:00',1,10,156,'P562',45000.00,1,54450.00),(233,'2022-06-30 00:00:00',1,15,156,'P563',80000.00,1,96800.00),(234,'2022-06-30 00:00:00',1,12,156,'P564',44000.00,1,53240.00),(235,'2022-06-30 00:00:00',1,44,156,'P565',24000.00,1,29040.00),(236,'2022-06-30 00:00:00',1,18,156,'P566',70000.00,1,84700.00),(237,'2022-06-30 00:00:00',1,10,157,'P567',325000.00,1,393250.00),(238,'2022-06-30 00:00:00',1,24,157,'P568',55000.00,1,66550.00),(239,'2022-06-30 00:00:00',1,30,157,'P569',85000.00,1,102850.00),(240,'2022-06-30 00:00:00',1,47,157,'P570',95000.00,1,114950.00),(241,'2022-06-30 00:00:00',1,22,158,'P571',140000.00,1,169400.00),(242,'2022-06-30 00:00:00',1,3,158,'P572',45000.00,1,54450.00),(243,'2022-06-30 00:00:00',1,16,158,'P573',125000.00,1,151250.00),(244,'2022-06-30 00:00:00',1,32,158,'P574',54000.00,1,65340.00),(245,'2022-06-30 00:00:00',1,24,159,'P575',55000.00,1,66550.00),(246,'2022-06-30 00:00:00',1,30,159,'P576',85000.00,1,102850.00),(247,'2022-06-30 00:00:00',1,47,159,'P577',95000.00,1,114950.00),(248,'2022-06-30 00:00:00',1,32,160,'P578',45000.00,1,54450.00),(249,'2022-06-30 00:00:00',1,45,160,'P579',125000.00,1,151250.00),(250,'2022-06-30 00:00:00',1,46,160,'P580',24000.00,1,29040.00),(251,'2022-06-30 00:00:00',1,18,160,'P581',45000.00,1,54450.00),(252,'2022-06-30 00:00:00',1,3,160,'P582',125000.00,1,151250.00),(253,'2022-06-30 00:00:00',1,10,161,'P583',150000.00,1,181500.00),(254,'2022-06-30 00:00:00',1,15,162,'P584',125000.00,1,151250.00),(255,'2022-06-30 00:00:00',1,12,162,'P585',24000.00,1,29040.00),(256,'2022-06-30 00:00:00',1,44,162,'P586',44000.00,1,53240.00),(257,'2022-06-30 00:00:00',1,15,162,'P587',45000.00,1,54450.00),(258,'2022-06-30 00:00:00',1,43,162,'P588',140000.00,1,169400.00),(259,'2022-06-30 00:00:00',1,44,162,'P589',45000.00,1,54450.00),(260,'2022-06-30 00:00:00',2,51,163,'P590',1246000.00,3,1246000.00),(261,'2022-06-30 00:00:00',1,43,164,'P591',140000.00,1,169400.00),(262,'2022-06-30 00:00:00',1,44,164,'P592',45000.00,1,54450.00),(263,'2022-06-30 00:00:00',1,45,164,'P593',125000.00,1,151250.00),(264,'2022-06-30 00:00:00',1,18,164,'P594',24000.00,1,29040.00),(265,'2022-06-30 00:00:00',1,47,165,'P595',95000.00,1,114950.00),(266,'2022-06-30 00:00:00',1,32,165,'P596',45000.00,1,54450.00),(267,'2022-06-30 00:00:00',1,45,165,'P597',125000.00,1,151250.00),(268,'2022-06-30 00:00:00',1,46,165,'P598',24000.00,1,29040.00),(269,'2022-06-30 00:00:00',1,18,165,'P599',45000.00,1,54450.00),(270,'2022-06-30 00:00:00',1,3,165,'P600',125000.00,1,151250.00),(271,'2022-06-30 00:00:00',1,10,165,'P601',150000.00,1,181500.00),(272,'2022-06-30 00:00:00',1,47,166,'P602',90000.00,1,108900.00),(273,'2022-06-30 00:00:00',1,50,166,'P603',60000.00,1,72600.00),(274,'2022-06-30 00:00:00',1,13,166,'P604',200000.00,1,242000.00),(275,'2022-06-30 00:00:00',1,15,166,'P605',45000.00,1,54450.00),(276,'2022-06-30 00:00:00',1,16,167,'P606',200000.00,1,242000.00),(277,'2022-06-30 00:00:00',1,20,167,'P607',67000.00,1,81070.00),(278,'2022-06-30 00:00:00',1,25,167,'P608',37000.00,1,44770.00),(279,'2022-06-30 00:00:00',1,27,167,'P609',70000.00,1,84700.00),(280,'2022-06-30 00:00:00',1,29,167,'P610',35000.00,1,42350.00),(281,'2022-06-30 00:00:00',1,11,167,'P611',120000.00,1,145200.00),(282,'2022-06-30 00:00:00',1,10,168,'P612',100000.00,1,121000.00),(283,'2022-06-30 00:00:00',1,25,169,'P613',67000.00,1,81070.00),(284,'2022-06-30 00:00:00',1,27,169,'P614',37000.00,1,44770.00),(285,'2022-06-30 00:00:00',1,29,169,'P615',70000.00,1,84700.00),(286,'2022-06-30 00:00:00',1,11,169,'P616',35000.00,1,42350.00),(287,'2022-07-06 00:00:00',1,1,182,'P682',35000.00,1,42350.00),(288,'2022-07-06 00:00:00',1,2,182,'P683',120000.00,1,145200.00),(289,'2022-07-06 00:00:00',1,17,182,'P684',100000.00,1,121000.00),(290,'2022-07-06 00:00:00',1,20,182,'P685',67000.00,1,81070.00),(291,'2022-07-15 00:00:00',1,8,183,'P690',150000.00,1,181500.00),(292,'2022-07-15 00:00:00',1,26,183,'P691',90000.00,1,108900.00),(293,'2022-07-15 00:00:00',1,7,183,'P692',60000.00,1,72600.00),(294,'2022-07-15 00:00:00',1,5,183,'P693',200000.00,1,242000.00),(295,'2022-07-15 00:00:00',1,13,184,'P694',140000.00,1,169400.00),(296,'2022-07-15 00:00:00',1,20,184,'P695',45000.00,1,54450.00),(297,'2022-07-15 00:00:00',1,21,184,'P696',125000.00,1,151250.00),(298,'2022-07-15 00:00:00',1,11,184,'P697',24000.00,1,29040.00),(299,'2022-07-15 00:00:00',1,22,184,'P698',35000.00,1,42350.00),(300,'2022-07-15 00:00:00',1,34,185,'P699',60000.00,1,72600.00),(301,'2022-07-15 00:00:00',1,35,185,'P700',200000.00,1,242000.00),(302,'2022-07-15 00:00:00',1,37,185,'P701',140000.00,1,169400.00),(303,'2022-07-15 00:00:00',1,19,185,'P702',45000.00,1,54450.00),(304,'2022-07-15 00:00:00',1,20,185,'P703',75000.00,1,90750.00),(305,'2022-07-15 00:00:00',1,10,186,'P704',110000.00,1,133100.00),(306,'2022-07-15 00:00:00',1,34,187,'P705',60000.00,1,72600.00),(307,'2022-07-15 00:00:00',1,35,187,'P709',200000.00,1,242000.00),(308,'2022-07-15 00:00:00',1,25,188,'P710',140000.00,1,169400.00),(309,'2022-07-15 00:00:00',1,18,188,'P711',45000.00,1,54450.00),(310,'2022-07-15 00:00:00',1,14,188,'P712',125000.00,1,151250.00),(311,'2022-07-15 00:00:00',1,43,188,'P714',24000.00,1,29040.00),(312,'2022-07-15 00:00:00',1,17,188,'P715',35000.00,1,42350.00),(313,'2022-07-15 00:00:00',1,30,189,'P716',120000.00,1,145200.00),(314,'2022-07-15 00:00:00',1,47,189,'P717',95000.00,1,114950.00),(315,'2022-07-15 00:00:00',1,50,189,'P718',65000.00,1,78650.00),(316,'2022-07-15 00:00:00',1,10,190,'P719',110000.00,1,133100.00),(317,'2022-07-15 00:00:00',2,51,194,'P722',1400000.00,3,1400000.00),(318,'2022-07-31 00:00:00',1,25,195,'P725',140000.00,1,169400.00),(319,'2022-07-31 00:00:00',1,18,195,'P726',45000.00,1,54450.00),(320,'2022-07-31 00:00:00',1,14,195,'P727',125000.00,1,151250.00),(321,'2022-07-31 00:00:00',1,43,195,'P728',24000.00,1,29040.00),(322,'2022-07-31 00:00:00',1,17,195,'P729',35000.00,1,42350.00),(323,'2022-07-31 00:00:00',1,30,196,'P730',120000.00,1,145200.00),(324,'2022-07-31 00:00:00',1,47,196,'P731',95000.00,1,114950.00),(325,'2022-07-31 00:00:00',1,50,196,'P732',65000.00,1,78650.00),(326,'2022-07-31 00:00:00',1,34,197,'P733',60000.00,1,72600.00),(327,'2022-07-31 00:00:00',1,35,197,'P734',200000.00,1,242000.00),(328,'2022-08-11 00:00:00',1,25,212,'P776',140000.00,1,169400.00),(329,'2022-08-11 00:00:00',1,18,212,'P777',45000.00,1,54450.00),(330,'2022-08-11 00:00:00',1,14,212,'P778',100000.00,1,121000.00),(331,'2022-08-11 00:00:00',1,43,212,'P779',24000.00,1,29040.00),(332,'2022-08-11 00:00:00',1,17,212,'P780',55000.00,1,66550.00),(333,'2022-08-12 00:00:00',1,8,213,'P781',150000.00,1,181500.00),(334,'2022-08-12 00:00:00',1,26,213,'P782',90000.00,1,108900.00),(335,'2022-08-12 00:00:00',1,7,213,'P783',75000.00,1,90750.00),(336,'2022-08-12 00:00:00',1,5,213,'P784',200000.00,1,242000.00),(337,'2022-08-12 00:00:00',1,13,214,'P785',140000.00,1,169400.00),(338,'2022-08-12 00:00:00',1,20,214,'P786',45000.00,1,54450.00),(339,'2022-08-12 00:00:00',1,21,214,'P787',125000.00,1,151250.00),(340,'2022-08-12 00:00:00',1,11,214,'P788',24000.00,1,29040.00),(341,'2022-08-12 00:00:00',1,22,214,'P789',50000.00,1,60500.00),(342,'2022-08-12 00:00:00',1,34,215,'P790',78000.00,1,94380.00),(343,'2022-08-12 00:00:00',1,35,215,'P791',200000.00,1,242000.00),(344,'2022-08-12 00:00:00',1,37,215,'P792',140000.00,1,169400.00),(345,'2022-08-12 00:00:00',1,19,215,'P793',65000.00,1,78650.00),(346,'2022-08-12 00:00:00',1,20,215,'P794',90000.00,1,108900.00),(347,'2022-08-12 00:00:00',1,10,216,'P795',110000.00,1,133100.00),(348,'2022-08-12 00:00:00',1,25,217,'P796',67000.00,1,81070.00),(349,'2022-08-12 00:00:00',1,27,217,'P797',37000.00,1,44770.00),(350,'2022-08-12 00:00:00',1,29,217,'P798',70000.00,1,84700.00),(351,'2022-08-12 00:00:00',1,11,217,'P799',35000.00,1,42350.00),(352,'2022-08-12 00:00:00',1,13,218,'P800',140000.00,1,169400.00),(353,'2022-08-12 00:00:00',1,20,218,'P801',45000.00,1,54450.00),(354,'2022-08-12 00:00:00',1,21,218,'P802',125000.00,1,151250.00),(355,'2022-08-12 00:00:00',1,11,218,'P803',24000.00,1,29040.00),(356,'2022-08-12 00:00:00',1,22,218,'P805',20000.00,1,24200.00),(357,'2022-08-12 00:00:00',1,34,219,'P806',60000.00,1,72600.00),(358,'2022-08-12 00:00:00',1,35,219,'P807',200000.00,1,242000.00),(359,'2022-08-12 00:00:00',1,10,220,'P808',110000.00,1,133100.00),(360,'2022-08-12 00:00:00',1,13,221,'P809',140000.00,1,169400.00),(361,'2022-08-12 00:00:00',1,20,221,'P810',45000.00,1,54450.00),(362,'2022-08-12 00:00:00',1,21,221,'P811',125000.00,1,151250.00),(363,'2022-08-12 00:00:00',1,11,221,'P812',24000.00,1,29040.00),(364,'2022-08-17 00:00:00',1,8,222,'P815',150000.00,1,181500.00),(365,'2022-08-17 00:00:00',1,26,222,'P816',90000.00,1,108900.00),(366,'2022-08-17 00:00:00',1,7,222,'P817',60000.00,1,72600.00),(367,'2022-08-17 00:00:00',1,5,222,'P818',200000.00,1,242000.00),(368,'2022-08-17 00:00:00',2,51,223,'P820',1750000.00,3,1750000.00),(369,'2022-08-29 00:00:00',1,34,224,'P822',60000.00,1,72600.00),(370,'2022-08-29 00:00:00',1,35,224,'P823',200000.00,1,242000.00),(371,'2022-08-29 00:00:00',1,37,224,'P824',140000.00,1,169400.00),(372,'2022-08-29 00:00:00',1,19,224,'P825',45000.00,1,54450.00),(373,'2022-08-29 00:00:00',1,20,224,'P826',75000.00,1,90750.00),(374,'2022-08-29 00:00:00',1,10,225,'P827',100000.00,1,121000.00),(375,'2022-08-29 00:00:00',2,51,226,'P830',980000.00,3,980000.00),(376,'2022-08-31 00:00:00',2,51,227,'P832',1225000.00,3,1225000.00),(377,'2022-09-05 00:00:00',1,10,241,'P833',100000.00,1,121000.00),(378,'2022-08-31 00:00:00',2,51,242,'P870',1470000.00,3,1470000.00),(379,'2022-09-27 00:00:00',1,10,243,'P873',100000.00,1,121000.00),(380,'2022-09-27 00:00:00',1,25,244,'P875',67000.00,1,81070.00),(381,'2022-09-27 00:00:00',1,27,244,'P876',37000.00,1,44770.00),(382,'2022-09-27 00:00:00',1,29,244,'P877',70000.00,1,84700.00),(383,'2022-09-27 00:00:00',1,11,244,'P878',35000.00,1,42350.00),(384,'2022-09-27 00:00:00',1,13,245,'P879',140000.00,1,169400.00),(385,'2022-09-27 00:00:00',1,20,245,'P880',45000.00,1,54450.00),(386,'2022-09-27 00:00:00',1,21,245,'P881',125000.00,1,151250.00),(387,'2022-09-27 00:00:00',1,11,245,'P882',24000.00,1,29040.00),(388,'2022-09-27 00:00:00',1,22,245,'P883',20000.00,1,24200.00),(389,'2022-09-27 00:00:00',1,34,246,'P884',60000.00,1,72600.00),(390,'2022-09-27 00:00:00',1,35,246,'P885',200000.00,1,242000.00),(391,'2022-09-27 00:00:00',1,10,247,'P886',110000.00,1,133100.00),(392,'2022-09-27 00:00:00',2,51,248,'P896',1386000.00,3,1386000.00),(393,'2022-09-27 00:00:00',1,8,249,'P899',150000.00,1,181500.00),(394,'2022-09-27 00:00:00',1,26,249,'P900',90000.00,1,108900.00),(395,'2022-09-27 00:00:00',1,7,249,'P901',60000.00,1,72600.00),(396,'2022-09-27 00:00:00',1,5,249,'P902',200000.00,1,242000.00),(397,'2022-09-29 00:00:00',1,10,250,'P906',100000.00,1,121000.00),(398,'2022-09-29 00:00:00',1,25,251,'P911',67000.00,1,81070.00),(399,'2022-09-29 00:00:00',1,27,251,'P912',37000.00,1,44770.00),(400,'2022-09-29 00:00:00',1,29,251,'P913',70000.00,1,84700.00),(401,'2022-09-29 00:00:00',1,11,251,'P914',35000.00,1,42350.00),(402,'2022-09-29 00:00:00',1,13,252,'P917',140000.00,1,169400.00),(403,'2022-09-29 00:00:00',1,20,252,'P918',45000.00,1,54450.00),(404,'2022-09-29 00:00:00',1,21,252,'P919',125000.00,1,151250.00),(405,'2022-09-29 00:00:00',1,11,252,'P920',24000.00,1,29040.00),(406,'2022-09-29 00:00:00',1,22,252,'P921',20000.00,1,24200.00),(407,'2022-09-29 00:00:00',1,34,253,'P922',60000.00,1,72600.00),(408,'2022-09-29 00:00:00',1,35,253,'P923',200000.00,1,242000.00),(409,'2022-09-29 00:00:00',1,10,254,'P925',110000.00,1,133100.00),(410,'2022-09-29 00:00:00',1,13,255,'P927',140000.00,1,169400.00),(411,'2022-09-29 00:00:00',1,20,255,'P928',45000.00,1,54450.00),(412,'2022-09-29 00:00:00',1,21,255,'P929',125000.00,1,151250.00),(413,'2022-09-29 00:00:00',1,11,255,'P930',24000.00,1,29040.00),(414,'2022-09-29 00:00:00',1,8,256,'P931',150000.00,1,181500.00),(415,'2022-09-29 00:00:00',1,26,256,'P932',90000.00,1,108900.00),(416,'2022-09-29 00:00:00',1,7,256,'P933',60000.00,1,72600.00),(417,'2022-09-29 00:00:00',1,5,256,'P934',200000.00,1,242000.00),(418,'2022-09-29 00:00:00',1,10,257,'P935',100000.00,1,121000.00),(419,'2022-09-30 00:00:00',1,25,258,'P937',67000.00,1,81070.00),(420,'2022-09-30 00:00:00',1,27,258,'P938',37000.00,1,44770.00),(421,'2022-09-30 00:00:00',1,29,258,'P939',70000.00,1,84700.00),(422,'2022-09-30 00:00:00',1,11,258,'P940',35000.00,1,42350.00),(423,'2022-09-30 00:00:00',1,13,259,'P941',140000.00,1,169400.00),(424,'2022-09-30 00:00:00',1,20,259,'P942',45000.00,1,54450.00),(425,'2022-09-30 00:00:00',1,21,259,'P943',125000.00,1,151250.00),(426,'2022-09-30 00:00:00',1,11,259,'P944',24000.00,1,29040.00),(427,'2022-09-30 00:00:00',1,22,259,'P945',20000.00,1,24200.00),(428,'2022-09-30 00:00:00',1,34,260,'P946',60000.00,1,72600.00),(429,'2022-09-30 00:00:00',1,35,260,'P947',200000.00,1,242000.00),(430,'2022-09-30 00:00:00',2,51,261,'P948',1512000.00,3,1512000.00),(431,'2022-09-30 00:00:00',2,51,262,'P949',1050000.00,3,1050000.00),(432,'2022-09-30 00:00:00',1,8,263,'P950',150000.00,1,181500.00),(433,'2022-09-30 00:00:00',1,26,263,'P951',90000.00,1,108900.00),(434,'2022-09-30 00:00:00',1,7,263,'P952',60000.00,1,72600.00),(435,'2022-09-30 00:00:00',1,5,263,'P953',200000.00,1,242000.00),(436,'2022-09-30 00:00:00',1,25,264,'P970',67000.00,1,81070.00),(437,'2022-09-30 00:00:00',1,27,264,'P971',37000.00,1,44770.00),(438,'2022-09-30 00:00:00',1,29,264,'P972',70000.00,1,84700.00),(439,'2022-09-30 00:00:00',1,11,264,'P973',35000.00,1,42350.00),(440,'2022-09-30 00:00:00',1,20,265,'P975',45000.00,1,54450.00),(441,'2022-09-30 00:00:00',1,21,265,'P976',125000.00,1,151250.00),(442,'2022-09-30 00:00:00',1,11,265,'P977',24000.00,1,29040.00),(443,'2022-09-30 00:00:00',1,22,265,'P978',20000.00,1,24200.00),(444,'2022-09-30 00:00:00',1,34,266,'P981',60000.00,1,72600.00),(445,'2022-09-30 00:00:00',1,35,266,'P982',200000.00,1,242000.00),(446,'2022-10-11 00:00:00',1,13,280,'P1014',140000.00,1,169400.00),(447,'2022-10-11 00:00:00',1,20,280,'P1015',45000.00,1,54450.00),(448,'2022-10-11 00:00:00',1,21,280,'P1016',125000.00,1,151250.00),(449,'2022-10-11 00:00:00',1,11,280,'P1017',24000.00,1,29040.00),(450,'2022-10-31 00:00:00',1,8,281,'P1025',150000.00,1,181500.00),(451,'2022-10-31 00:00:00',1,26,281,'P1026',90000.00,1,108900.00),(452,'2022-10-31 00:00:00',1,7,281,'P1027',60000.00,1,72600.00),(453,'2022-10-31 00:00:00',1,5,281,'P1028',200000.00,1,242000.00),(454,'2022-10-31 00:00:00',1,13,282,'P1029',140000.00,1,169400.00),(455,'2022-10-31 00:00:00',1,20,282,'P1030',45000.00,1,54450.00),(456,'2022-10-31 00:00:00',1,21,282,'P1031',125000.00,1,151250.00),(457,'2022-10-31 00:00:00',1,11,282,'P1032',24000.00,1,29040.00),(458,'2022-10-31 00:00:00',1,22,282,'P1033',35000.00,1,42350.00),(459,'2022-10-31 00:00:00',1,34,283,'P1034',60000.00,1,72600.00),(460,'2022-10-31 00:00:00',1,35,283,'P1035',200000.00,1,242000.00),(461,'2022-10-31 00:00:00',1,37,283,'P1036',140000.00,1,169400.00),(462,'2022-10-31 00:00:00',1,19,283,'P1037',45000.00,1,54450.00),(463,'2022-10-31 00:00:00',1,20,283,'P1038',75000.00,1,90750.00),(464,'2022-10-31 00:00:00',1,10,284,'P1039',100000.00,1,121000.00),(465,'2022-10-31 00:00:00',1,25,285,'P1040',67000.00,1,81070.00),(466,'2022-10-31 00:00:00',1,27,285,'P1041',37000.00,1,44770.00),(467,'2022-10-31 00:00:00',1,29,285,'P1042',70000.00,1,84700.00),(468,'2022-10-31 00:00:00',1,20,286,'P1043',45000.00,1,54450.00),(469,'2022-10-31 00:00:00',1,21,286,'P1044',125000.00,1,151250.00),(470,'2022-10-31 00:00:00',1,11,286,'P1045',24000.00,1,29040.00),(471,'2022-10-31 00:00:00',1,22,286,'P1046',20000.00,1,24200.00),(472,'2022-10-31 00:00:00',1,34,287,'P1047',60000.00,1,72600.00),(473,'2022-10-31 00:00:00',1,35,287,'P1048',200000.00,1,242000.00),(474,'2022-10-31 00:00:00',1,10,288,'P1049',110000.00,1,133100.00),(475,'2022-10-31 00:00:00',1,13,289,'P1050',140000.00,1,169400.00),(476,'2022-10-31 00:00:00',1,20,289,'P1051',45000.00,1,54450.00),(477,'2022-10-31 00:00:00',1,21,289,'P1052',125000.00,1,151250.00),(478,'2022-10-31 00:00:00',1,11,289,'P1053',24000.00,1,29040.00),(479,'2022-10-31 00:00:00',2,51,290,'P1054',1610000.00,3,1610000.00),(480,'2022-10-31 00:00:00',1,10,291,'P1055',100000.00,1,121000.00),(481,'2022-10-31 00:00:00',1,25,292,'P1056',67000.00,1,81070.00),(482,'2022-10-31 00:00:00',1,27,292,'P1057',37000.00,1,44770.00),(483,'2022-10-31 00:00:00',1,29,292,'P1058',70000.00,1,84700.00),(484,'2022-10-31 00:00:00',1,20,293,'P1059',45000.00,1,54450.00),(485,'2022-10-31 00:00:00',1,21,293,'P1060',125000.00,1,151250.00),(486,'2022-10-31 00:00:00',1,11,293,'P1061',24000.00,1,29040.00),(487,'2022-10-31 00:00:00',1,22,293,'P1062',20000.00,1,24200.00),(488,'2022-10-31 00:00:00',1,34,294,'P1063',60000.00,1,72600.00),(489,'2022-10-31 00:00:00',1,35,294,'P1064',200000.00,1,242000.00),(490,'2022-10-31 00:00:00',1,10,295,'P1065',110000.00,1,133100.00),(491,'2022-10-31 00:00:00',1,13,296,'P1097',140000.00,1,169400.00),(492,'2022-10-31 00:00:00',1,20,296,'P1098',45000.00,1,54450.00),(493,'2022-10-31 00:00:00',1,21,296,'P1099',125000.00,1,151250.00),(494,'2022-10-31 00:00:00',1,11,296,'P1100',24000.00,1,29040.00),(495,'2022-11-07 00:00:00',1,10,298,'P1104',100000.00,1,121000.00),(496,'2022-11-09 00:00:00',1,25,299,'P1106',67000.00,1,81070.00),(497,'2022-11-09 00:00:00',1,27,299,'P1107',37000.00,1,44770.00),(498,'2022-11-09 00:00:00',1,29,299,'P1108',70000.00,1,84700.00),(499,'2022-11-09 00:00:00',1,20,300,'P1109',45000.00,1,54450.00),(500,'2022-11-09 00:00:00',1,21,300,'P1110',125000.00,1,151250.00),(501,'2022-11-09 00:00:00',1,11,300,'P1111',24000.00,1,29040.00),(502,'2022-11-09 00:00:00',1,22,300,'P1112',20000.00,1,24200.00),(503,'2022-11-09 00:00:00',1,34,301,'P1113',60000.00,1,72600.00),(504,'2022-11-09 00:00:00',1,35,301,'P1114',200000.00,1,242000.00),(505,'2022-11-09 00:00:00',1,10,302,'P1115',110000.00,1,133100.00),(506,'2022-11-09 00:00:00',1,13,303,'P1116',140000.00,1,169400.00),(507,'2022-11-09 00:00:00',1,20,303,'P1117',45000.00,1,54450.00),(508,'2022-11-09 00:00:00',1,21,303,'P1118',125000.00,1,151250.00),(509,'2022-11-09 00:00:00',1,11,303,'P1119',24000.00,1,29040.00),(510,'2022-11-10 00:00:00',1,10,318,'P1147',100000.00,1,121000.00),(511,'2022-11-29 00:00:00',2,51,319,'P1151',1820000.00,3,1820000.00),(512,'2022-11-29 00:00:00',1,20,320,'P1152',45000.00,1,54450.00),(513,'2022-11-29 00:00:00',1,21,320,'P1153',125000.00,1,151250.00),(514,'2022-11-29 00:00:00',1,11,320,'P1154',24000.00,1,29040.00),(515,'2022-11-29 00:00:00',1,22,320,'P1155',20000.00,1,24200.00),(516,'2022-11-29 00:00:00',1,34,321,'P1156',60000.00,1,72600.00),(517,'2022-11-29 00:00:00',1,35,321,'P1157',200000.00,1,242000.00),(518,'2022-11-29 00:00:00',1,10,322,'P1158',110000.00,1,133100.00),(519,'2022-11-29 00:00:00',1,13,323,'P1159',140000.00,1,169400.00),(520,'2022-11-29 00:00:00',1,20,323,'P1160',45000.00,1,54450.00),(521,'2022-11-29 00:00:00',1,21,323,'P1161',125000.00,1,151250.00),(522,'2022-11-29 00:00:00',1,11,323,'P1162',24000.00,1,29040.00),(523,'2022-11-29 00:00:00',1,10,324,'P1163',110000.00,1,133100.00),(524,'2022-11-29 00:00:00',1,10,325,'P1164',110000.00,1,133100.00),(525,'2022-11-29 00:00:00',1,25,326,'P1165',67000.00,1,81070.00),(526,'2022-11-29 00:00:00',1,27,326,'P1166',37000.00,1,44770.00),(527,'2022-11-29 00:00:00',1,29,326,'P1167',70000.00,1,84700.00),(528,'2022-11-29 00:00:00',1,20,327,'P1168',45000.00,1,54450.00),(529,'2022-11-29 00:00:00',1,21,327,'P1169',125000.00,1,151250.00),(530,'2022-11-29 00:00:00',1,11,327,'P1170',24000.00,1,29040.00),(531,'2022-11-29 00:00:00',1,22,327,'P1171',20000.00,1,24200.00),(532,'2022-11-29 00:00:00',1,34,328,'P1172',60000.00,1,72600.00),(533,'2022-11-29 00:00:00',1,35,328,'P1173',200000.00,1,242000.00),(534,'2022-11-29 00:00:00',1,20,329,'P1176',45000.00,1,54450.00),(535,'2022-11-29 00:00:00',1,21,329,'P1177',125000.00,1,151250.00),(536,'2022-11-29 00:00:00',1,11,329,'P1178',35000.00,1,42350.00),(537,'2022-11-29 00:00:00',1,22,329,'P1179',26000.00,1,31460.00),(538,'2022-11-29 00:00:00',1,8,330,'P1180',150000.00,1,181500.00),(539,'2022-11-29 00:00:00',1,26,330,'P1195',90000.00,1,108900.00),(540,'2022-11-29 00:00:00',1,7,330,'P1196',60000.00,1,72600.00),(541,'2022-11-29 00:00:00',1,5,330,'P1197',200000.00,1,242000.00),(542,'2022-11-30 00:00:00',1,47,331,'P1206',90000.00,1,108900.00),(543,'2022-11-30 00:00:00',1,50,331,'P1207',60000.00,1,72600.00),(544,'2022-11-30 00:00:00',1,13,331,'P1208',200000.00,1,242000.00),(545,'2022-11-30 00:00:00',1,15,331,'P1209',45000.00,1,54450.00),(546,'2022-11-30 00:00:00',2,51,332,'P1210',1750000.00,3,1750000.00),(547,'2022-11-30 00:00:00',2,51,333,'P1211',1365000.00,3,1365000.00),(548,'2022-12-06 00:00:00',1,34,334,'P1227',60000.00,1,72600.00),(549,'2022-12-06 00:00:00',1,35,334,'P1228',200000.00,1,242000.00),(550,'2022-12-14 00:00:00',1,34,345,'P1259',60000.00,1,72600.00),(551,'2022-12-14 00:00:00',1,35,345,'P1260',200000.00,1,242000.00),(552,'2022-12-14 00:00:00',1,8,349,'P1261',150000.00,1,181500.00),(553,'2022-12-14 00:00:00',1,26,349,'P1262',90000.00,1,108900.00),(554,'2022-12-14 00:00:00',1,7,349,'P1263',60000.00,1,72600.00),(555,'2022-12-14 00:00:00',1,5,349,'P1264',200000.00,1,242000.00),(556,'2022-12-31 00:00:00',1,47,350,'P1266',90000.00,1,108900.00),(557,'2022-12-31 00:00:00',1,50,350,'P1267',60000.00,1,72600.00),(558,'2022-12-31 00:00:00',1,13,350,'P1268',200000.00,1,242000.00),(559,'2022-12-31 00:00:00',1,15,350,'P1269',45000.00,1,54450.00),(560,'2022-12-31 00:00:00',2,52,351,'P1270',609000.00,3,609000.00),(561,'2022-12-31 00:00:00',1,20,352,'P1271',45000.00,1,54450.00),(562,'2022-12-31 00:00:00',1,21,352,'P1272',125000.00,1,151250.00),(563,'2022-12-31 00:00:00',1,11,352,'P1273',24000.00,1,29040.00),(564,'2022-12-31 00:00:00',1,22,352,'P1274',20000.00,1,24200.00),(565,'2022-12-31 00:00:00',1,34,353,'P1275',60000.00,1,72600.00),(566,'2022-12-31 00:00:00',1,35,353,'P1276',200000.00,1,242000.00),(567,'2022-12-31 00:00:00',1,10,354,'P1277',110000.00,1,133100.00),(568,'2022-12-31 00:00:00',1,13,355,'P1278',140000.00,1,169400.00),(569,'2022-12-31 00:00:00',1,20,355,'P1279',45000.00,1,54450.00),(570,'2022-12-31 00:00:00',1,21,355,'P1280',125000.00,1,151250.00),(571,'2022-12-31 00:00:00',1,11,355,'P1281',24000.00,1,29040.00),(572,'2022-12-31 00:00:00',1,10,356,'P1282',110000.00,1,133100.00),(573,'2022-12-31 00:00:00',1,10,357,'P1283',110000.00,1,133100.00),(574,'2022-12-31 00:00:00',1,25,358,'P1284',67000.00,1,81070.00),(575,'2022-12-31 00:00:00',1,27,358,'P1285',37000.00,1,44770.00),(576,'2022-12-31 00:00:00',1,29,358,'P1286',70000.00,1,84700.00),(577,'2022-12-31 00:00:00',1,20,359,'P1287',45000.00,1,54450.00),(578,'2022-12-31 00:00:00',1,21,359,'P1288',125000.00,1,151250.00),(579,'2022-12-31 00:00:00',1,11,359,'P1289',24000.00,1,29040.00),(580,'2022-12-31 00:00:00',1,22,359,'P1290',20000.00,1,24200.00),(581,'2022-12-31 00:00:00',2,51,360,'P1291',1680000.00,3,1680000.00),(582,'2022-12-31 00:00:00',2,51,361,'P1292',1015000.00,3,1015000.00),(583,'2022-12-31 00:00:00',2,51,362,'P1293',686000.00,3,686000.00),(584,'2022-12-31 00:00:00',1,20,363,'P1294',45000.00,1,54450.00),(585,'2022-12-31 00:00:00',1,21,363,'P1295',125000.00,1,151250.00),(586,'2022-12-31 00:00:00',1,11,363,'P1296',24000.00,1,29040.00),(587,'2022-12-31 00:00:00',1,22,363,'P1297',20000.00,1,24200.00),(588,'2022-12-31 00:00:00',1,34,364,'P1298',60000.00,1,72600.00),(589,'2022-12-31 00:00:00',1,35,364,'P1299',200000.00,1,242000.00),(590,'2022-12-31 00:00:00',2,52,365,'P1300',980000.00,3,980000.00);
/*!40000 ALTER TABLE `costo_de_venta` ENABLE KEYS */;
UNLOCK TABLES;

--
-- Table structure for table `estado_de_cheque`
--

DROP TABLE IF EXISTS `estado_de_cheque`;
/*!40101 SET @saved_cs_client     = @@character_set_client */;
/*!50503 SET character_set_client = utf8mb4 */;
CREATE TABLE `estado_de_cheque` (
  `Id_Estadoch` int NOT NULL AUTO_INCREMENT,
  `Estado` tinytext NOT NULL,
  PRIMARY KEY (`Id_Estadoch`)
) ENGINE=InnoDB AUTO_INCREMENT=5 DEFAULT CHARSET=utf8mb4 COLLATE=utf8mb4_0900_ai_ci;
/*!40101 SET character_set_client = @saved_cs_client */;

--
-- Dumping data for table `estado_de_cheque`
--

LOCK TABLES `estado_de_cheque` WRITE;
/*!40000 ALTER TABLE `estado_de_cheque` DISABLE KEYS */;
INSERT INTO `estado_de_cheque` VALUES (1,'En Cartera'),(2,'Depositado'),(3,'Observado'),(4,'Rebotado');
/*!40000 ALTER TABLE `estado_de_cheque` ENABLE KEYS */;
UNLOCK TABLES;

--
-- Table structure for table `gastos`
--

DROP TABLE IF EXISTS `gastos`;
/*!40101 SET @saved_cs_client     = @@character_set_client */;
/*!50503 SET character_set_client = utf8mb4 */;
CREATE TABLE `gastos` (
  `Id_Gasto` int NOT NULL AUTO_INCREMENT,
  `Fecha` datetime NOT NULL,
  `Id_unidad_de_negocio` int NOT NULL,
  `Id_Tipo_gasto` int NOT NULL,
  `Monto` decimal(20,2) NOT NULL,
  `Id_Pago` varchar(60) DEFAULT NULL,
  `Comentarios` varchar(50) DEFAULT NULL,
  PRIMARY KEY (`Id_Gasto`),
  KEY `Id_unidad_de_negocio` (`Id_unidad_de_negocio`),
  KEY `Id_Tipo_gasto` (`Id_Tipo_gasto`),
  KEY `Id_Pago` (`Id_Pago`),
  CONSTRAINT `gastos_ibfk_1` FOREIGN KEY (`Id_unidad_de_negocio`) REFERENCES `unidad_de_negocio` (`Id_unidad_de_negocio`),
  CONSTRAINT `gastos_ibfk_2` FOREIGN KEY (`Id_Tipo_gasto`) REFERENCES `tipo_de_gasto` (`Id_Tipo_gasto`),
  CONSTRAINT `gastos_ibfk_3` FOREIGN KEY (`Id_Pago`) REFERENCES `pagos` (`Id_Pago`)
) ENGINE=InnoDB AUTO_INCREMENT=750 DEFAULT CHARSET=utf8mb4 COLLATE=utf8mb4_0900_ai_ci;
/*!40101 SET character_set_client = @saved_cs_client */;

--
-- Dumping data for table `gastos`
--

LOCK TABLES `gastos` WRITE;
/*!40000 ALTER TABLE `gastos` DISABLE KEYS */;
INSERT INTO `gastos` VALUES (1,'2021-12-31 00:00:00',1,9,10000.00,' P1 ',''),(2,'2021-12-31 00:00:00',1,9,10000.00,' P2 ',''),(3,'2021-12-31 00:00:00',1,22,10000.00,' P3 ',''),(4,'2021-12-31 00:00:00',1,22,20000.00,' P4 ',''),(5,'2021-12-31 00:00:00',1,22,105000.00,' P5 ',''),(6,'2021-12-31 00:00:00',1,25,93478.00,' P6 ',''),(7,'2022-01-14 00:00:00',1,38,40000.00,' P7 ',''),(8,'2022-01-14 00:00:00',1,3,50000.00,' P8 ',''),(9,'2022-01-14 00:00:00',1,38,150000.00,' P9 ',''),(10,'2022-01-14 00:00:00',1,38,125000.00,' P10 ',''),(11,'2022-01-14 00:00:00',1,38,90000.00,' P11 ',''),(12,'2022-01-14 00:00:00',1,38,50000.00,' P12 ',''),(13,'2022-01-14 00:00:00',1,38,50000.00,' P13 ',''),(14,'2022-01-14 00:00:00',1,38,60000.00,' P14 ',''),(15,'2022-01-14 00:00:00',1,38,60000.00,' P15 ',''),(16,'2022-01-14 00:00:00',1,38,60000.00,' P16 ',''),(17,'2022-01-14 00:00:00',1,38,40000.00,' P17 ',''),(18,'2022-01-14 00:00:00',1,38,60000.00,' P18 ',''),(19,'2022-01-14 00:00:00',2,38,47000.00,' P19 ',''),(20,'2022-01-14 00:00:00',1,38,45000.00,' P20 ',''),(21,'2022-01-14 00:00:00',1,38,35000.00,' P21 ',''),(22,'2022-01-14 00:00:00',1,38,60000.00,' P22 ',''),(23,'2022-01-14 00:00:00',1,38,40000.00,' P23 ',''),(24,'2022-01-14 00:00:00',1,38,40000.00,' P24 ',''),(25,'2022-01-14 00:00:00',1,38,35000.00,' P25 ',''),(26,'2022-01-14 00:00:00',1,32,4739.29,' P26 ',''),(27,'2022-01-14 00:00:00',1,4,15574.32,' P27 ',''),(28,'2022-01-14 00:00:00',1,22,45000.00,' P28 ',''),(29,'2022-01-14 00:00:00',1,28,242451.06,' P29 ',''),(30,'2022-01-14 00:00:00',1,23,94082.39,' P30 ',''),(31,'2022-01-14 00:00:00',1,15,13517.14,' P31 ',''),(32,'2022-01-14 00:00:00',1,6,17559.86,' P32 ',''),(33,'2022-01-16 00:00:00',1,17,342.22,' P38 ',''),(34,'2022-01-28 00:00:00',1,17,16096.56,' P73 ',''),(35,'2022-01-31 00:00:00',1,16,82910.00,' P76 ',''),(36,'2022-01-31 00:00:00',1,17,50574.33,' P77 ',''),(37,'2022-01-31 00:00:00',1,17,52.03,' P78 ',''),(38,'2022-01-31 00:00:00',1,20,14687.52,' P79 ',''),(39,'2022-01-31 00:00:00',1,22,2500.00,' P80 ',''),(40,'2022-01-31 00:00:00',1,49,1999.00,' P81 ',''),(41,'2022-01-31 00:00:00',1,42,9455.79,' P82 ',''),(42,'2022-01-31 00:00:00',1,44,1111.11,' P83 ',''),(43,'2022-01-31 00:00:00',1,44,2926.81,' P84 ',''),(44,'2022-01-31 00:00:00',1,44,8.74,' P85 ',''),(45,'2022-01-31 00:00:00',1,22,15000.00,' P86 ',''),(46,'2022-01-31 00:00:00',1,22,30000.00,' P87 ',''),(47,'2022-01-31 00:00:00',1,22,100000.00,' P88 ',''),(48,'2022-01-31 00:00:00',1,22,80000.00,' P89 ',''),(49,'2022-01-31 00:00:00',1,22,90000.00,' P90 ',''),(50,'2022-01-31 00:00:00',1,44,15000.00,' P91 ',''),(51,'2022-01-31 00:00:00',1,22,25000.00,' P92 ',''),(52,'2022-01-31 00:00:00',1,22,10000.00,' P93 ',''),(53,'2022-01-31 00:00:00',1,22,18000.00,' P94 ',''),(54,'2022-01-31 00:00:00',1,22,25000.00,' P95 ',''),(55,'2022-01-31 00:00:00',1,22,25000.00,' P96 ',''),(56,'2022-01-31 00:00:00',1,22,30000.00,' P97 ',''),(57,'2022-01-31 00:00:00',1,22,30000.00,' P98 ',''),(58,'2022-01-31 00:00:00',1,33,10000.00,' P99 ',''),(59,'2022-01-31 00:00:00',1,44,10000.00,' P100 ',''),(60,'2022-02-03 00:00:00',1,22,100000.00,' P101 ',''),(61,'2022-02-03 00:00:00',1,17,38752.51,' P102 ',''),(62,'2022-02-04 00:00:00',1,44,55000.00,' P103 ',''),(63,'2022-02-07 00:00:00',1,3,48400.00,' P107 ',''),(64,'2022-02-08 00:00:00',1,3,50000.00,' P108 ',''),(65,'2022-02-08 00:00:00',1,38,150000.00,' P109 ',''),(66,'2022-02-08 00:00:00',1,38,125000.00,' P110 ',''),(67,'2022-02-08 00:00:00',1,38,90000.00,' P111 ',''),(68,'2022-02-08 00:00:00',1,38,50000.00,' P112 ',''),(69,'2022-02-08 00:00:00',1,38,50000.00,' P113 ',''),(70,'2022-02-08 00:00:00',1,38,60000.00,' P114 ',''),(71,'2022-02-08 00:00:00',1,38,60000.00,' P115 ',''),(72,'2022-02-08 00:00:00',1,38,60000.00,' P116 ',''),(73,'2022-02-08 00:00:00',1,38,40000.00,' P117 ',''),(74,'2022-02-08 00:00:00',1,38,60000.00,' P118 ',''),(75,'2022-02-08 00:00:00',2,38,47000.00,' P119 ',''),(76,'2022-02-08 00:00:00',1,38,45000.00,' P120 ',''),(77,'2022-02-08 00:00:00',1,38,35000.00,' P121 ',''),(78,'2022-02-08 00:00:00',1,38,60000.00,' P122 ',''),(79,'2022-02-08 00:00:00',1,38,40000.00,' P123 ',''),(80,'2022-02-08 00:00:00',1,38,40000.00,' P124 ',''),(81,'2022-02-08 00:00:00',1,38,35000.00,' P125 ',''),(82,'2022-02-08 00:00:00',1,32,7047.96,' P126 ',''),(83,'2022-02-08 00:00:00',1,4,15574.32,' P127 ',''),(84,'2022-02-08 00:00:00',1,22,45000.00,' P128 ',''),(85,'2022-02-08 00:00:00',1,28,398970.49,' P129 ',''),(86,'2022-02-08 00:00:00',1,23,127156.30,' P130 ',''),(87,'2022-02-08 00:00:00',1,15,14017.14,' P131 ',''),(88,'2022-02-08 00:00:00',1,6,32161.74,' P132 ',''),(89,'2022-02-10 00:00:00',1,44,8500.00,' P139 ',''),(90,'2022-02-10 00:00:00',1,48,1050.00,' P140 ',''),(91,'2022-02-15 00:00:00',1,22,27000.00,' P145 ',''),(92,'2022-02-16 00:00:00',1,17,3690.92,' P147 ',''),(93,'2022-02-17 00:00:00',1,44,5500.00,' P148 ',''),(94,'2022-02-22 00:00:00',1,22,15000.00,' P149 ',''),(95,'2022-02-28 00:00:00',1,16,137853.78,' P168 ',''),(96,'2022-02-28 00:00:00',1,17,387.20,' P169 ',''),(97,'2022-02-28 00:00:00',1,17,68131.66,' P170 ',''),(98,'2022-02-28 00:00:00',1,20,1518.39,' P171 ',''),(99,'2022-02-28 00:00:00',1,22,5000.00,' P172 ',''),(100,'2022-02-28 00:00:00',1,22,6000.00,' P173 ',''),(101,'2022-02-28 00:00:00',1,22,12500.00,' P174 ',''),(102,'2022-02-28 00:00:00',1,22,12500.00,' P175 ',''),(103,'2022-02-28 00:00:00',1,22,24000.00,' P176 ',''),(104,'2022-02-28 00:00:00',1,22,25000.00,' P177 ',''),(105,'2022-02-28 00:00:00',1,22,150000.00,' P178 ',''),(106,'2022-02-28 00:00:00',1,49,1999.00,' P179 ',''),(107,'2022-02-28 00:00:00',1,42,11443.65,' P180 ',''),(108,'2022-02-28 00:00:00',1,44,3190.00,' P181 ',''),(109,'2022-02-28 00:00:00',1,44,12000.00,' P182 ',''),(110,'2022-02-28 00:00:00',1,44,1111.11,' P183 ',''),(111,'2022-02-28 00:00:00',1,44,8.74,' P184 ',''),(112,'2022-03-04 00:00:00',1,22,76060.00,' P185 ',''),(113,'2022-03-04 00:00:00',1,44,40000.00,' P186 ',''),(114,'2022-03-14 00:00:00',1,3,72580.00,' P191 ',''),(115,'2022-03-14 00:00:00',1,38,172500.00,' P192 ',''),(116,'2022-03-14 00:00:00',1,38,143750.00,' P193 ',''),(117,'2022-03-14 00:00:00',1,38,103500.00,' P194 ',''),(118,'2022-03-14 00:00:00',1,38,65000.00,' P195 ',''),(119,'2022-03-14 00:00:00',1,38,65000.00,' P196 ',''),(120,'2022-03-14 00:00:00',1,38,66000.00,' P197 ',''),(121,'2022-03-14 00:00:00',1,38,66000.00,' P198 ',''),(122,'2022-03-14 00:00:00',1,38,66000.00,' P199 ',''),(123,'2022-03-14 00:00:00',1,38,35000.00,' P200 ',''),(124,'2022-03-14 00:00:00',1,38,69000.00,' P201 ',''),(125,'2022-03-14 00:00:00',1,38,54050.00,' P202 ',''),(126,'2022-03-14 00:00:00',1,38,49500.00,' P203 ',''),(127,'2022-03-14 00:00:00',1,38,38500.00,' P204 ',''),(128,'2022-03-14 00:00:00',1,38,66000.00,' P205 ',''),(129,'2022-03-14 00:00:00',1,38,46000.00,' P206 ',''),(130,'2022-03-14 00:00:00',1,38,46000.00,' P207 ',''),(131,'2022-03-14 00:00:00',1,38,38500.00,' P208 ',''),(132,'2022-03-14 00:00:00',1,32,7047.96,' P209 ',''),(133,'2022-03-14 00:00:00',1,4,18076.79,' P210 ',''),(134,'2022-03-14 00:00:00',1,22,45000.00,' P211 ',''),(135,'2022-03-14 00:00:00',1,28,95071.60,' P212 ',''),(136,'2022-03-14 00:00:00',1,23,114683.98,' P213 ',''),(137,'2022-03-14 00:00:00',1,15,14017.14,' P214 ',''),(138,'2022-03-14 00:00:00',1,6,36433.94,' P215 ',''),(139,'2022-03-14 00:00:00',1,17,18894.49,' P216 ',''),(140,'2022-03-14 00:00:00',1,22,15000.00,' P219 ',''),(141,'2022-03-16 00:00:00',1,17,17275.67,' P220 ',''),(142,'2022-03-21 00:00:00',1,48,3400.00,' P221 ',''),(143,'2022-03-22 00:00:00',1,29,12000.00,' P222 ',''),(144,'2022-03-28 00:00:00',1,22,15000.00,' P242 ',''),(145,'2022-03-28 00:00:00',1,22,5000.00,' P246 ',''),(146,'2022-03-28 00:00:00',1,22,25000.00,' P249 ',''),(147,'2022-03-28 00:00:00',1,22,25800.00,' P250 ',''),(148,'2022-03-28 00:00:00',1,22,12500.00,' P251 ',''),(149,'2022-03-28 00:00:00',1,22,12500.00,' P252 ',''),(150,'2022-03-28 00:00:00',2,22,19000.00,' P253 ',''),(151,'2022-03-28 00:00:00',1,44,14781.00,' P255 ',''),(152,'2022-03-28 00:00:00',1,22,12500.00,' P256 ',''),(153,'2022-03-28 00:00:00',1,22,12500.00,' P257 ',''),(154,'2022-03-28 00:00:00',1,22,2000.00,' P258 ',''),(155,'2022-03-28 00:00:00',1,22,31287.00,' P259 ',''),(156,'2022-03-28 00:00:00',1,22,15000.00,' P271 ',''),(157,'2022-03-28 00:00:00',1,44,11200.00,' P272 ',''),(158,'2022-03-28 00:00:00',1,36,18000.00,' P273 ',''),(159,'2022-03-29 00:00:00',1,22,40000.00,' P278 ',''),(160,'2022-03-30 00:00:00',2,25,36465.00,' P279 ',''),(161,'2022-03-30 00:00:00',1,22,15000.00,' P283 ',''),(162,'2022-03-30 00:00:00',1,22,27824.59,' P284 ',''),(163,'2022-03-30 00:00:00',1,22,10000.00,' P291 ',''),(164,'2022-03-30 00:00:00',1,22,15000.00,' P292 ',''),(165,'2022-03-30 00:00:00',1,22,24000.00,' P293 ',''),(166,'2022-03-31 00:00:00',1,9,35000.00,' P295 ',''),(167,'2022-03-31 00:00:00',1,16,55204.75,' P296 ',''),(168,'2022-03-31 00:00:00',1,17,393.41,' P297 ',''),(169,'2022-03-31 00:00:00',1,17,55215.60,' P298 ',''),(170,'2022-03-31 00:00:00',1,20,30980.83,' P299 ',''),(171,'2022-03-31 00:00:00',1,22,6000.00,' P300 ',''),(172,'2022-03-31 00:00:00',1,22,40000.00,' P301 ',''),(173,'2022-03-31 00:00:00',1,22,150000.00,' P302 ',''),(174,'2022-03-31 00:00:00',1,49,1999.00,' P303 ',''),(175,'2022-03-31 00:00:00',1,32,3986.24,' P304 ',''),(176,'2022-03-31 00:00:00',1,32,3986.24,' P305 ',''),(177,'2022-03-31 00:00:00',1,42,19885.44,' P306 ',''),(178,'2022-03-31 00:00:00',1,44,8729.00,' P307 ',''),(179,'2022-03-31 00:00:00',1,44,1119.85,' P308 ',''),(180,'2022-04-04 00:00:00',1,22,30000.00,' P309 ',''),(181,'2022-04-04 00:00:00',1,17,45325.68,' P310 ',''),(182,'2022-04-06 00:00:00',1,48,1300.00,' P311 ',''),(183,'2022-04-07 00:00:00',1,3,90000.00,' P312 ',''),(184,'2022-04-07 00:00:00',1,29,12000.00,' P313 ',''),(185,'2022-04-07 00:00:00',1,38,172500.00,' P314 ',''),(186,'2022-04-07 00:00:00',1,38,143750.00,' P315 ',''),(187,'2022-04-07 00:00:00',1,38,103500.00,' P316 ',''),(188,'2022-04-07 00:00:00',1,38,65000.00,' P317 ',''),(189,'2022-04-07 00:00:00',1,38,65000.00,' P318 ',''),(190,'2022-04-07 00:00:00',1,38,66000.00,' P319 ',''),(191,'2022-04-07 00:00:00',1,38,66000.00,' P320 ',''),(192,'2022-04-07 00:00:00',1,38,66000.00,' P321 ',''),(193,'2022-04-07 00:00:00',1,38,69000.00,' P322 ',''),(194,'2022-04-07 00:00:00',1,38,54050.00,' P323 ',''),(195,'2022-04-07 00:00:00',1,38,49500.00,' P324 ',''),(196,'2022-04-07 00:00:00',1,38,35000.00,' P325 ',''),(197,'2022-04-07 00:00:00',1,38,66000.00,' P326 ',''),(198,'2022-04-07 00:00:00',1,38,46000.00,' P327 ',''),(199,'2022-04-07 00:00:00',1,38,46000.00,' P328 ',''),(200,'2022-04-07 00:00:00',1,38,30000.00,' P329 ',''),(201,'2022-04-07 00:00:00',1,38,38500.00,' P330 ',''),(202,'2022-04-07 00:00:00',1,32,7047.96,' P331 ',''),(203,'2022-04-07 00:00:00',1,32,3986.24,' P332 ',''),(204,'2022-04-07 00:00:00',1,4,18076.79,' P333 ',''),(205,'2022-04-07 00:00:00',1,22,45000.00,' P334 ',''),(206,'2022-04-07 00:00:00',1,28,443285.63,' P335 ',''),(207,'2022-04-07 00:00:00',1,23,117997.28,' P336 ',''),(208,'2022-04-07 00:00:00',1,15,19710.43,' P337 ',''),(209,'2022-04-07 00:00:00',1,6,43052.23,' P338 ',''),(210,'2022-04-07 00:00:00',1,22,15000.00,' P346 ',''),(211,'2022-04-11 00:00:00',1,22,10500.00,' P347 ',''),(212,'2022-04-16 00:00:00',1,17,17723.82,' P348 ',''),(213,'2022-04-20 00:00:00',1,41,2800.00,' P349 ',''),(214,'2022-04-22 00:00:00',1,44,35000.00,' P350 ',''),(215,'2022-04-29 00:00:00',1,44,100000.00,' P382 ',''),(216,'2022-04-29 00:00:00',1,9,50000.00,' P383 ',''),(217,'2022-04-29 00:00:00',1,44,2500.00,' P391 ',''),(218,'2022-04-29 00:00:00',1,44,8154.00,' P392 ',''),(219,'2022-04-29 00:00:00',1,25,9000.00,' P393 ',''),(220,'2022-04-29 00:00:00',1,44,30000.00,' P394 ',''),(221,'2022-04-29 00:00:00',1,44,27000.00,' P395 ',''),(222,'2022-04-29 00:00:00',1,22,25000.00,' P396 ',''),(223,'2022-04-29 00:00:00',1,44,25000.00,' P397 ',''),(224,'2022-04-29 00:00:00',1,44,10000.00,' P398 ',''),(225,'2022-04-29 00:00:00',1,22,25000.00,' P399 ',''),(226,'2022-04-29 00:00:00',1,22,10000.00,' P400 ',''),(227,'2022-04-29 00:00:00',1,22,40000.00,' P401 ',''),(228,'2022-04-30 00:00:00',1,16,139850.17,' P405 ',''),(229,'2022-04-30 00:00:00',1,17,73644.67,' P406 ',''),(230,'2022-04-30 00:00:00',1,20,10139.54,' P407 ',''),(231,'2022-04-30 00:00:00',1,22,6000.00,' P408 ',''),(232,'2022-04-30 00:00:00',1,22,10000.00,' P409 ',''),(233,'2022-04-30 00:00:00',1,22,20000.00,' P410 ',''),(234,'2022-04-30 00:00:00',1,22,20000.00,' P411 ',''),(235,'2022-04-30 00:00:00',1,22,25000.00,' P412 ',''),(236,'2022-04-30 00:00:00',1,22,30000.00,' P413 ',''),(237,'2022-04-30 00:00:00',1,22,47124.00,' P414 ',''),(238,'2022-04-30 00:00:00',1,49,1999.00,' P415 ',''),(239,'2022-04-30 00:00:00',1,33,5518.29,' P416 ',''),(240,'2022-04-30 00:00:00',1,42,8965.38,' P417 ',''),(241,'2022-04-30 00:00:00',2,44,57190.00,' P418 ',''),(242,'2022-04-30 00:00:00',1,44,8759.85,' P419 ',''),(243,'2022-05-04 00:00:00',1,3,90000.00,' P420 ',''),(244,'2022-05-04 00:00:00',1,29,12000.00,' P421 ',''),(245,'2022-05-04 00:00:00',1,48,3500.00,' P422 ',''),(246,'2022-05-04 00:00:00',1,38,172500.00,' P423 ',''),(247,'2022-05-04 00:00:00',1,38,143750.00,' P424 ',''),(248,'2022-05-04 00:00:00',1,38,103500.00,' P425 ',''),(249,'2022-05-04 00:00:00',1,38,65000.00,' P426 ',''),(250,'2022-05-04 00:00:00',1,38,65000.00,' P427 ',''),(251,'2022-05-04 00:00:00',1,38,66000.00,' P428 ',''),(252,'2022-05-04 00:00:00',1,38,60000.00,' P429 ',''),(253,'2022-05-04 00:00:00',1,38,66000.00,' P430 ',''),(254,'2022-05-04 00:00:00',1,38,66000.00,' P431 ',''),(255,'2022-05-04 00:00:00',1,38,69000.00,' P432 ',''),(256,'2022-05-04 00:00:00',1,38,54050.00,' P433 ',''),(257,'2022-05-04 00:00:00',1,38,49500.00,' P434 ',''),(258,'2022-05-04 00:00:00',1,38,35000.00,' P435 ',''),(259,'2022-05-04 00:00:00',1,38,66000.00,' P436 ',''),(260,'2022-05-04 00:00:00',1,38,46000.00,' P437 ',''),(261,'2022-05-04 00:00:00',1,38,46000.00,' P438 ',''),(262,'2022-05-04 00:00:00',1,38,38500.00,' P439 ',''),(263,'2022-05-04 00:00:00',1,32,7047.96,' P440 ',''),(264,'2022-05-04 00:00:00',1,32,3986.24,' P441 ',''),(265,'2022-05-04 00:00:00',1,4,18076.79,' P442 ',''),(266,'2022-05-04 00:00:00',1,22,55000.00,' P443 ',''),(267,'2022-05-04 00:00:00',1,28,433279.39,' P444 ',''),(268,'2022-05-04 00:00:00',1,23,116562.43,' P445 ',''),(269,'2022-05-04 00:00:00',1,6,43494.17,' P446 ',''),(270,'2022-05-05 00:00:00',1,17,9195.54,' P451 ',''),(271,'2022-05-06 00:00:00',1,17,46741.39,' P452 ',''),(272,'2022-05-10 00:00:00',1,15,19710.43,' P453 ',''),(273,'2022-05-13 00:00:00',1,47,43408.64,' P454 ',''),(274,'2022-05-16 00:00:00',1,17,31256.25,' P455 ',''),(275,'2022-05-27 00:00:00',1,41,3000.00,' P456 ',''),(276,'2022-05-30 00:00:00',1,16,33011.41,' P457 ',''),(277,'2022-05-30 00:00:00',1,17,32738.28,' P458 ',''),(278,'2022-05-30 00:00:00',1,22,40000.00,' P459 ',''),(279,'2022-05-30 00:00:00',1,22,378.23,' P460 ',''),(280,'2022-05-30 00:00:00',1,47,14312.20,' P461 ',''),(281,'2022-05-30 00:00:00',1,49,1999.00,' P462 ',''),(282,'2022-05-30 00:00:00',1,42,46541.04,' P463 ',''),(283,'2022-05-31 00:00:00',1,9,50000.00,' P477 ',''),(284,'2022-05-31 00:00:00',1,22,4500.00,' P478 ',''),(285,'2022-05-31 00:00:00',1,22,15000.00,' P479 ',''),(286,'2022-05-31 00:00:00',1,22,25000.00,' P496 ',''),(287,'2022-05-31 00:00:00',1,22,20000.00,' P497 ',''),(288,'2022-05-31 00:00:00',1,22,25000.00,' P509 ',''),(289,'2022-05-31 00:00:00',1,44,12000.00,' P510 ',''),(290,'2022-05-31 00:00:00',1,22,15000.00,' P511 ',''),(291,'2022-05-31 00:00:00',1,22,25000.00,' P512 ',''),(292,'2022-05-31 00:00:00',1,22,25000.00,' P513 ',''),(293,'2022-05-31 00:00:00',1,22,40000.00,' P514 ',''),(294,'2022-05-31 00:00:00',1,44,260000.00,' P519 ',''),(295,'2022-05-31 00:00:00',1,22,50000.00,' P520 ',''),(296,'2022-06-06 00:00:00',1,3,90000.00,' P521 ',''),(297,'2022-06-06 00:00:00',1,41,3000.00,' P522 ',''),(298,'2022-06-06 00:00:00',1,29,12000.00,' P523 ',''),(299,'2022-06-06 00:00:00',1,48,4000.00,' P524 ',''),(300,'2022-06-06 00:00:00',1,38,172500.00,' P525 ',''),(301,'2022-06-06 00:00:00',1,38,143750.00,' P526 ',''),(302,'2022-06-06 00:00:00',1,38,103500.00,' P527 ',''),(303,'2022-06-06 00:00:00',1,38,65000.00,' P528 ',''),(304,'2022-06-06 00:00:00',1,38,65000.00,' P529 ',''),(305,'2022-06-06 00:00:00',1,38,66000.00,' P530 ',''),(306,'2022-06-06 00:00:00',1,38,60000.00,' P531 ',''),(307,'2022-06-06 00:00:00',1,38,66000.00,' P532 ',''),(308,'2022-06-06 00:00:00',1,38,66000.00,' P533 ',''),(309,'2022-06-06 00:00:00',1,38,69000.00,' P534 ',''),(310,'2022-06-06 00:00:00',1,38,66000.00,' P535 ',''),(311,'2022-06-06 00:00:00',1,38,35000.00,' P536 ',''),(312,'2022-06-06 00:00:00',1,38,66000.00,' P537 ',''),(313,'2022-06-06 00:00:00',1,38,46000.00,' P538 ',''),(314,'2022-06-06 00:00:00',1,38,46000.00,' P539 ',''),(315,'2022-06-06 00:00:00',1,38,38500.00,' P540 ',''),(316,'2022-06-06 00:00:00',1,32,7047.96,' P541 ',''),(317,'2022-06-06 00:00:00',1,32,3986.24,' P542 ',''),(318,'2022-06-06 00:00:00',1,4,18076.79,' P543 ',''),(319,'2022-06-06 00:00:00',1,22,55000.00,' P544 ',''),(320,'2022-06-06 00:00:00',1,28,182124.01,' P545 ',''),(321,'2022-06-06 00:00:00',1,23,98940.65,' P546 ',''),(322,'2022-06-06 00:00:00',1,15,30444.65,' P547 ',''),(323,'2022-06-06 00:00:00',1,6,50364.46,' P548 ',''),(324,'2022-06-06 00:00:00',1,22,40000.00,' P551 ',''),(325,'2022-06-07 00:00:00',1,17,22010.60,' P552 ',''),(326,'2022-06-08 00:00:00',1,17,14185.24,' P553 ',''),(327,'2022-06-15 00:00:00',1,47,18702.21,' P554 ',''),(328,'2022-06-16 00:00:00',1,17,28273.53,' P555 ',''),(329,'2022-06-22 00:00:00',1,32,3986.24,' P556 ',''),(330,'2022-06-24 00:00:00',1,22,35000.00,' P557 ',''),(331,'2022-06-30 00:00:00',1,9,30000.00,' P617 ',''),(332,'2022-06-30 00:00:00',1,16,62458.81,' P618 ',''),(333,'2022-06-30 00:00:00',1,17,37818.38,' P619 ',''),(334,'2022-06-30 00:00:00',1,20,397.67,' P620 ',''),(335,'2022-06-30 00:00:00',1,22,4500.00,' P621 ',''),(336,'2022-06-30 00:00:00',1,22,10000.00,' P622 ',''),(337,'2022-06-30 00:00:00',1,22,15000.00,' P623 ',''),(338,'2022-06-30 00:00:00',1,22,20000.00,' P624 ',''),(339,'2022-06-30 00:00:00',1,22,20000.00,' P625 ',''),(340,'2022-06-30 00:00:00',1,22,20000.00,' P626 ',''),(341,'2022-06-30 00:00:00',1,22,25000.00,' P627 ',''),(342,'2022-06-30 00:00:00',1,49,1999.00,' P628 ',''),(343,'2022-06-30 00:00:00',1,35,16400.00,' P629 ',''),(344,'2022-06-30 00:00:00',1,38,10000.00,' P630 ',''),(345,'2022-06-30 00:00:00',1,38,16500.00,' P631 ',''),(346,'2022-06-30 00:00:00',1,38,19250.00,' P632 ',''),(347,'2022-06-30 00:00:00',1,38,23000.00,' P633 ',''),(348,'2022-06-30 00:00:00',1,38,23000.00,' P634 ',''),(349,'2022-06-30 00:00:00',1,38,32500.00,' P635 ',''),(350,'2022-06-30 00:00:00',1,38,32500.00,' P636 ',''),(351,'2022-06-30 00:00:00',1,38,33000.00,' P637 ',''),(352,'2022-06-30 00:00:00',1,38,33000.00,' P638 ',''),(353,'2022-06-30 00:00:00',1,38,33000.00,' P639 ',''),(354,'2022-06-30 00:00:00',1,38,33000.00,' P640 ',''),(355,'2022-06-30 00:00:00',1,38,34500.00,' P641 ',''),(356,'2022-06-30 00:00:00',1,38,51750.00,' P642 ',''),(357,'2022-06-30 00:00:00',1,38,71875.00,' P643 ',''),(358,'2022-06-30 00:00:00',2,38,86250.00,' P644 ',''),(359,'2022-06-30 00:00:00',1,38,11666.67,' P645 ',''),(360,'2022-06-30 00:00:00',1,38,22520.83,' P646 ',''),(361,'2022-06-30 00:00:00',1,42,9417.10,' P647 ',''),(362,'2022-06-30 00:00:00',1,44,10000.00,' P648 ',''),(363,'2022-06-30 00:00:00',1,44,11541.00,' P649 ',''),(364,'2022-06-30 00:00:00',1,44,50000.00,' P650 ',''),(365,'2022-06-30 00:00:00',1,44,17342.15,' P651 ',''),(366,'2022-07-05 00:00:00',1,44,5000.00,' P652 ',''),(367,'2022-07-06 00:00:00',1,3,90000.00,' P653 ',''),(368,'2022-07-06 00:00:00',1,41,3000.00,' P654 ',''),(369,'2022-07-06 00:00:00',1,29,12000.00,' P655 ',''),(370,'2022-07-06 00:00:00',1,48,2600.00,' P656 ',''),(371,'2022-07-06 00:00:00',1,38,195000.00,' P657 ',''),(372,'2022-07-06 00:00:00',1,38,162500.00,' P658 ',''),(373,'2022-07-06 00:00:00',1,38,117000.00,' P659 ',''),(374,'2022-07-06 00:00:00',1,38,95000.00,' P660 ',''),(375,'2022-07-06 00:00:00',1,38,75000.00,' P661 ',''),(376,'2022-07-06 00:00:00',1,38,75000.00,' P662 ',''),(377,'2022-07-06 00:00:00',1,38,69000.00,' P663 ',''),(378,'2022-07-06 00:00:00',1,38,75000.00,' P664 ',''),(379,'2022-07-06 00:00:00',1,38,75000.00,' P665 ',''),(380,'2022-07-06 00:00:00',1,38,72000.00,' P666 ',''),(381,'2022-07-06 00:00:00',1,38,70500.00,' P667 ',''),(382,'2022-07-06 00:00:00',1,38,38500.00,' P668 ',''),(383,'2022-07-06 00:00:00',1,38,75000.00,' P669 ',''),(384,'2022-07-06 00:00:00',1,38,52000.00,' P670 ',''),(385,'2022-07-06 00:00:00',1,38,52000.00,' P671 ',''),(386,'2022-07-06 00:00:00',1,38,42000.00,' P672 ',''),(387,'2022-07-06 00:00:00',1,32,7047.96,' P673 ',''),(388,'2022-07-06 00:00:00',1,32,7972.48,' P674 ',''),(389,'2022-07-06 00:00:00',1,4,18076.79,' P675 ',''),(390,'2022-07-06 00:00:00',1,22,55000.00,' P676 ',''),(391,'2022-07-06 00:00:00',1,28,344756.06,' P677 ',''),(392,'2022-07-06 00:00:00',1,23,117241.43,' P678 ',''),(393,'2022-07-06 00:00:00',1,15,21512.61,' P679 ',''),(394,'2022-07-06 00:00:00',1,6,95061.35,' P680 ',''),(395,'2022-07-06 00:00:00',1,22,40000.00,' P681 ',''),(396,'2022-07-06 00:00:00',1,41,13714.50,' P686 ',''),(397,'2022-07-06 00:00:00',1,17,21504.18,' P687 ',''),(398,'2022-07-08 00:00:00',1,17,26800.00,' P688 ',''),(399,'2022-07-08 00:00:00',1,17,15534.45,' P689 ',''),(400,'2022-07-15 00:00:00',1,22,22000.00,' P706 ',''),(401,'2022-07-15 00:00:00',1,22,25000.00,' P707 ',''),(402,'2022-07-15 00:00:00',1,22,10000.00,' P708 ',''),(403,'2022-07-15 00:00:00',1,22,40000.00,' P713 ',''),(404,'2022-07-15 00:00:00',1,22,16000.00,' P720 ',''),(405,'2022-07-15 00:00:00',1,35,100000.00,' P721 ',''),(406,'2022-07-16 00:00:00',1,17,25193.73,' P723 ',''),(407,'2022-07-29 00:00:00',1,9,15000.00,' P724 ',''),(408,'2022-07-31 00:00:00',1,16,5705.51,' P735 ',''),(409,'2022-07-31 00:00:00',1,17,11290.18,' P736 ',''),(410,'2022-07-31 00:00:00',1,20,417.11,' P737 ',''),(411,'2022-07-31 00:00:00',1,22,4500.00,' P738 ',''),(412,'2022-07-31 00:00:00',1,22,30000.00,' P739 ',''),(413,'2022-07-31 00:00:00',1,22,50000.00,' P740 ',''),(414,'2022-07-31 00:00:00',1,22,145000.00,' P741 ',''),(415,'2022-07-31 00:00:00',1,42,23674.48,' P742 ',''),(416,'2022-07-31 00:00:00',1,44,10000.00,' P743 ',''),(417,'2022-07-31 00:00:00',1,44,12959.21,' P744 ',''),(418,'2022-07-31 00:00:00',1,44,28929.89,' P745 ',''),(419,'2022-08-11 00:00:00',1,3,90000.00,' P746 ',''),(420,'2022-08-11 00:00:00',1,41,3000.00,' P747 ',''),(421,'2022-08-11 00:00:00',1,29,12000.00,' P748 ',''),(422,'2022-08-11 00:00:00',1,48,3700.00,' P749 ',''),(423,'2022-08-11 00:00:00',1,38,195000.00,' P750 ',''),(424,'2022-08-11 00:00:00',1,38,162500.00,' P751 ',''),(425,'2022-08-11 00:00:00',1,38,117000.00,' P752 ',''),(426,'2022-08-11 00:00:00',1,38,95000.00,' P753 ',''),(427,'2022-08-11 00:00:00',1,38,75000.00,' P754 ',''),(428,'2022-08-11 00:00:00',1,38,75000.00,' P755 ',''),(429,'2022-08-11 00:00:00',1,38,69000.00,' P756 ',''),(430,'2022-08-11 00:00:00',1,38,75000.00,' P757 ',''),(431,'2022-08-11 00:00:00',1,38,75000.00,' P758 ',''),(432,'2022-08-11 00:00:00',1,38,75000.00,' P759 ',''),(433,'2022-08-11 00:00:00',1,38,70500.00,' P760 ',''),(434,'2022-08-11 00:00:00',1,38,45000.00,' P761 ',''),(435,'2022-08-11 00:00:00',1,38,45000.00,' P762 ',''),(436,'2022-08-11 00:00:00',1,38,75000.00,' P763 ',''),(437,'2022-08-11 00:00:00',1,38,52000.00,' P764 ',''),(438,'2022-08-11 00:00:00',1,38,52000.00,' P765 ',''),(439,'2022-08-11 00:00:00',1,38,42000.00,' P766 ',''),(440,'2022-08-11 00:00:00',1,32,9301.71,' P767 ',''),(441,'2022-08-11 00:00:00',1,32,7396.34,' P768 ',''),(442,'2022-08-11 00:00:00',1,4,18076.79,' P769 ',''),(443,'2022-08-11 00:00:00',1,22,58500.00,' P770 ',''),(444,'2022-08-11 00:00:00',1,23,73279.00,' P771 ',''),(445,'2022-08-11 00:00:00',1,15,27227.79,' P772 ',''),(446,'2022-08-11 00:00:00',1,17,22013.90,' P773 ',''),(447,'2022-08-11 00:00:00',1,17,47138.77,' P774 ',''),(448,'2022-08-11 00:00:00',1,6,75236.00,' P775 ',''),(449,'2022-08-12 00:00:00',1,22,20000.00,' P804 ',''),(450,'2022-08-16 00:00:00',1,22,20000.00,' P813 ',''),(451,'2022-08-16 00:00:00',1,22,15000.00,' P814 ',''),(452,'2022-08-17 00:00:00',1,22,27500.00,' P819 ',''),(453,'2022-08-24 00:00:00',1,38,127500.00,' P821 ',''),(454,'2022-08-29 00:00:00',1,22,20000.00,' P828 ',''),(455,'2022-08-29 00:00:00',1,22,20000.00,' P829 ',''),(456,'2022-08-29 00:00:00',1,42,16494.61,' P831 ',''),(457,'2022-08-31 00:00:00',1,3,106200.00,' P834 ',''),(458,'2022-08-31 00:00:00',1,9,136767.06,' P835 ',''),(459,'2022-08-31 00:00:00',1,16,72703.24,' P836 ',''),(460,'2022-08-31 00:00:00',1,17,46358.32,' P837 ',''),(461,'2022-08-31 00:00:00',1,20,1458.54,' P838 ',''),(462,'2022-08-31 00:00:00',1,22,6000.00,' P839 ',''),(463,'2022-09-05 00:00:00',1,41,3000.00,' P840 ',''),(464,'2022-09-05 00:00:00',1,29,14000.00,' P841 ',''),(465,'2022-09-05 00:00:00',1,48,2300.00,' P842 ',''),(466,'2022-09-05 00:00:00',1,38,195000.00,' P843 ',''),(467,'2022-09-05 00:00:00',1,38,162500.00,' P844 ',''),(468,'2022-09-05 00:00:00',1,38,117000.00,' P845 ',''),(469,'2022-09-05 00:00:00',1,38,95000.00,' P846 ',''),(470,'2022-09-05 00:00:00',1,38,75000.00,' P847 ',''),(471,'2022-09-05 00:00:00',1,38,75000.00,' P848 ',''),(472,'2022-09-05 00:00:00',1,38,69000.00,' P849 ',''),(473,'2022-09-05 00:00:00',1,38,75000.00,' P850 ',''),(474,'2022-09-05 00:00:00',1,38,75000.00,' P851 ',''),(475,'2022-09-05 00:00:00',1,38,75900.00,' P852 ',''),(476,'2022-09-05 00:00:00',1,38,70500.00,' P853 ',''),(477,'2022-09-05 00:00:00',1,38,45000.00,' P854 ',''),(478,'2022-09-05 00:00:00',1,38,45000.00,' P855 ',''),(479,'2022-09-05 00:00:00',1,38,75000.00,' P856 ',''),(480,'2022-09-05 00:00:00',1,38,52000.00,' P857 ',''),(481,'2022-09-05 00:00:00',1,38,52000.00,' P858 ',''),(482,'2022-09-05 00:00:00',1,38,42000.00,' P859 ',''),(483,'2022-09-05 00:00:00',1,32,9301.71,' P860 ',''),(484,'2022-09-05 00:00:00',1,32,7396.34,' P861 ',''),(485,'2022-09-05 00:00:00',1,4,18076.79,' P862 ',''),(486,'2022-09-05 00:00:00',1,22,58500.00,' P863 ',''),(487,'2022-09-05 00:00:00',1,28,248573.33,' P864 ',''),(488,'2022-09-05 00:00:00',1,23,145698.30,' P865 ',''),(489,'2022-09-05 00:00:00',1,15,29792.09,' P866 ',''),(490,'2022-09-05 00:00:00',1,17,70566.91,' P867 ',''),(491,'2022-09-05 00:00:00',1,17,41215.02,' P868 ',''),(492,'2022-09-05 00:00:00',1,6,111110.38,' P869 ',''),(493,'2022-09-15 00:00:00',1,22,80000.00,' P871 ',''),(494,'2022-09-27 00:00:00',1,25,75700.00,' P872 ',''),(495,'2022-09-27 00:00:00',1,22,130000.00,' P874 ',''),(496,'2022-09-27 00:00:00',1,22,160000.00,' P887 ',''),(497,'2022-09-27 00:00:00',1,9,60000.00,' P888 ',''),(498,'2022-09-27 00:00:00',1,9,40000.00,' P889 ',''),(499,'2022-09-27 00:00:00',1,22,34000.00,' P890 ',''),(500,'2022-09-27 00:00:00',1,9,15000.00,' P891 ',''),(501,'2022-09-27 00:00:00',1,33,20000.00,' P892 ',''),(502,'2022-09-27 00:00:00',1,44,25000.00,' P893 ',''),(503,'2022-09-27 00:00:00',1,9,214400.00,' P894 ',''),(504,'2022-09-27 00:00:00',1,25,5000.00,' P895 ',''),(505,'2022-09-27 00:00:00',1,9,49413.00,' P897 ',''),(506,'2022-09-27 00:00:00',1,22,5000.00,' P898 ',''),(507,'2022-09-27 00:00:00',1,44,4000.00,' P903 ',''),(508,'2022-09-28 00:00:00',1,22,55000.00,' P904 ',''),(509,'2022-09-29 00:00:00',1,3,24200.00,' P905 ',''),(510,'2022-09-29 00:00:00',1,36,6000.00,' P907 ',''),(511,'2022-09-29 00:00:00',1,22,50000.00,' P908 ',''),(512,'2022-09-29 00:00:00',1,9,12000.00,' P909 ',''),(513,'2022-09-29 00:00:00',1,22,30000.00,' P910 ',''),(514,'2022-09-29 00:00:00',1,22,30000.00,' P915 ',''),(515,'2022-09-29 00:00:00',1,44,50000.00,' P916 ',''),(516,'2022-09-29 00:00:00',1,25,139090.00,' P924 ',''),(517,'2022-09-29 00:00:00',1,9,60000.00,' P926 ',''),(518,'2022-09-29 00:00:00',1,17,62450.52,' P936 ',''),(519,'2022-09-30 00:00:00',1,3,106200.00,' P954 ',''),(520,'2022-09-30 00:00:00',1,9,175000.00,' P955 ',''),(521,'2022-09-30 00:00:00',1,14,9743.76,' P956 ',''),(522,'2022-09-30 00:00:00',2,16,22500.00,' P957 ',''),(523,'2022-09-30 00:00:00',1,17,27228.04,' P958 ',''),(524,'2022-09-30 00:00:00',1,20,1868.88,' P959 ',''),(525,'2022-09-30 00:00:00',1,22,6000.00,' P960 ',''),(526,'2022-09-30 00:00:00',1,22,20000.00,' P961 ',''),(527,'2022-09-30 00:00:00',1,22,30000.00,' P962 ',''),(528,'2022-09-30 00:00:00',1,22,108591.97,' P963 ',''),(529,'2022-09-30 00:00:00',1,28,14750.00,' P964 ',''),(530,'2022-09-30 00:00:00',1,28,17320.66,' P965 ',''),(531,'2022-09-30 00:00:00',1,42,7230.33,' P966 ',''),(532,'2022-09-30 00:00:00',1,44,200000.00,' P967 ',''),(533,'2022-09-30 00:00:00',1,44,9501.37,' P968 ',''),(534,'2022-09-30 00:00:00',1,22,20000.00,' P969 ',''),(535,'2022-09-30 00:00:00',1,22,28500.00,' P974 ',''),(536,'2022-09-30 00:00:00',1,44,20000.00,' P979 ',''),(537,'2022-09-30 00:00:00',1,44,39265.62,' P980 ',''),(538,'2022-10-11 00:00:00',1,41,3000.00,' P983 ',''),(539,'2022-10-11 00:00:00',1,29,14000.00,' P984 ',''),(540,'2022-10-11 00:00:00',1,48,3600.00,' P985 ',''),(541,'2022-10-11 00:00:00',1,38,250000.00,' P986 ',''),(542,'2022-10-11 00:00:00',1,38,175000.00,' P987 ',''),(543,'2022-10-11 00:00:00',1,38,126000.00,' P988 ',''),(544,'2022-10-11 00:00:00',1,38,105000.00,' P989 ',''),(545,'2022-10-11 00:00:00',1,38,95000.00,' P990 ',''),(546,'2022-10-11 00:00:00',1,38,81000.00,' P991 ',''),(547,'2022-10-11 00:00:00',1,38,75000.00,' P992 ',''),(548,'2022-10-11 00:00:00',1,38,81000.00,' P993 ',''),(549,'2022-10-11 00:00:00',1,38,81000.00,' P994 ',''),(550,'2022-10-11 00:00:00',1,38,81900.00,' P995 ',''),(551,'2022-10-11 00:00:00',1,38,90000.00,' P996 ',''),(552,'2022-10-11 00:00:00',1,38,51750.00,' P997 ',''),(553,'2022-10-11 00:00:00',1,38,51750.00,' P998 ',''),(554,'2022-10-11 00:00:00',1,38,111000.00,' P999 ',''),(555,'2022-10-11 00:00:00',1,38,76000.00,' P1000 ',''),(556,'2022-10-11 00:00:00',1,38,56000.00,' P1001 ',''),(557,'2022-10-11 00:00:00',1,38,45500.00,' P1002 ',''),(558,'2022-10-11 00:00:00',1,32,9301.71,' P1003 ',''),(559,'2022-10-11 00:00:00',1,32,7396.34,' P1004 ',''),(560,'2022-10-11 00:00:00',1,4,18076.79,' P1005 ',''),(561,'2022-10-11 00:00:00',1,22,75000.00,' P1006 ',''),(562,'2022-10-11 00:00:00',1,28,164119.24,' P1007 ',''),(563,'2022-10-11 00:00:00',1,23,153285.55,' P1008 ',''),(564,'2022-10-11 00:00:00',1,15,29792.09,' P1009 ',''),(565,'2022-10-11 00:00:00',1,17,61554.36,' P1010 ',''),(566,'2022-10-11 00:00:00',1,17,4015.10,' P1011 ',''),(567,'2022-10-11 00:00:00',1,6,108959.62,' P1012 ',''),(568,'2022-10-11 00:00:00',1,44,13525.00,' P1013 ',''),(569,'2022-10-12 00:00:00',1,9,175000.00,' P1018 ',''),(570,'2022-10-13 00:00:00',1,44,24000.00,' P1019 ',''),(571,'2022-10-17 00:00:00',1,41,22796.00,' P1020 ',''),(572,'2022-10-17 00:00:00',1,3,90000.00,' P1021 ',''),(573,'2022-10-17 00:00:00',1,22,5000.00,' P1022 ',''),(574,'2022-10-20 00:00:00',1,22,20000.00,' P1023 ',''),(575,'2022-10-25 00:00:00',1,44,13525.00,' P1024 ',''),(576,'2022-10-31 00:00:00',1,16,100000.00,' P1066 ',''),(577,'2022-10-31 00:00:00',1,16,17846.99,' P1067 ',''),(578,'2022-10-31 00:00:00',1,20,1982.69,' P1068 ',''),(579,'2022-10-31 00:00:00',1,22,5000.00,' P1069 ',''),(580,'2022-10-31 00:00:00',1,22,10000.00,' P1070 ',''),(581,'2022-10-31 00:00:00',1,22,10000.00,' P1071 ',''),(582,'2022-10-31 00:00:00',1,22,15000.00,' P1072 ',''),(583,'2022-10-31 00:00:00',2,22,19000.00,' P1073 ',''),(584,'2022-10-31 00:00:00',1,22,25000.00,' P1074 ',''),(585,'2022-10-31 00:00:00',1,22,30000.00,' P1075 ',''),(586,'2022-10-31 00:00:00',1,22,30000.00,' P1076 ',''),(587,'2022-10-31 00:00:00',1,22,100000.00,' P1077 ',''),(588,'2022-10-31 00:00:00',1,22,170000.00,' P1078 ',''),(589,'2022-10-31 00:00:00',1,25,230000.00,' P1079 ',''),(590,'2022-10-31 00:00:00',1,28,18397.00,' P1080 ',''),(591,'2022-10-31 00:00:00',1,33,7000.00,' P1081 ',''),(592,'2022-10-31 00:00:00',1,42,7230.33,' P1082 ',''),(593,'2022-10-31 00:00:00',1,44,25000.00,' P1083 ',''),(594,'2022-10-31 00:00:00',1,44,96000.00,' P1084 ',''),(595,'2022-10-31 00:00:00',1,44,56485.96,' P1085 ',''),(596,'2022-10-31 00:00:00',1,22,140000.00,' P1086 ',''),(597,'2022-10-31 00:00:00',1,22,24000.00,' P1087 ',''),(598,'2022-10-31 00:00:00',1,44,2000.00,' P1088 ',''),(599,'2022-10-31 00:00:00',1,44,10000.00,' P1089 ',''),(600,'2022-10-31 00:00:00',1,22,20000.00,' P1090 ',''),(601,'2022-10-31 00:00:00',1,9,20000.00,' P1091 ',''),(602,'2022-10-31 00:00:00',1,22,40000.00,' P1092 ',''),(603,'2022-10-31 00:00:00',1,22,60000.00,' P1093 ',''),(604,'2022-10-31 00:00:00',1,22,20000.00,' P1094 ',''),(605,'2022-10-31 00:00:00',1,22,6000.00,' P1095 ',''),(606,'2022-10-31 00:00:00',1,22,45000.00,' P1096 ',''),(607,'2022-10-31 00:00:00',1,22,50000.00,' P1101 ',''),(608,'2022-10-31 00:00:00',1,22,72000.00,' P1102 ',''),(609,'2022-11-01 00:00:00',1,3,106200.00,' P1103 ',''),(610,'2022-11-08 00:00:00',1,41,3000.00,' P1105 ',''),(611,'2022-11-10 00:00:00',1,44,14000.00,' P1120 ',''),(612,'2022-11-10 00:00:00',1,44,3400.00,' P1121 ',''),(613,'2022-11-10 00:00:00',1,38,262500.00,' P1122 ',''),(614,'2022-11-10 00:00:00',1,38,183750.00,' P1123 ',''),(615,'2022-11-10 00:00:00',1,38,150900.00,' P1124 ',''),(616,'2022-11-10 00:00:00',1,38,130000.00,' P1125 ',''),(617,'2022-11-10 00:00:00',1,38,114700.00,' P1126 ',''),(618,'2022-11-10 00:00:00',1,38,105000.00,' P1127 ',''),(619,'2022-11-10 00:00:00',1,38,83700.00,' P1128 ',''),(620,'2022-11-10 00:00:00',1,38,100000.00,' P1129 ',''),(621,'2022-11-10 00:00:00',1,38,100000.00,' P1130 ',''),(622,'2022-11-10 00:00:00',1,38,89000.00,' P1131 ',''),(623,'2022-11-10 00:00:00',1,38,93000.00,' P1132 ',''),(624,'2022-11-10 00:00:00',1,38,60000.00,' P1133 ',''),(625,'2022-11-10 00:00:00',1,38,60000.00,' P1134 ',''),(626,'2022-11-10 00:00:00',1,38,100000.00,' P1135 ',''),(627,'2022-11-10 00:00:00',1,38,63800.00,' P1136 ',''),(628,'2022-11-10 00:00:00',1,32,9301.71,' P1137 ',''),(629,'2022-11-10 00:00:00',1,32,7396.34,' P1138 ',''),(630,'2022-11-10 00:00:00',1,4,18076.79,' P1139 ',''),(631,'2022-11-10 00:00:00',1,22,110000.00,' P1140 ',''),(632,'2022-11-10 00:00:00',1,28,158074.29,' P1141 ',''),(633,'2022-11-10 00:00:00',1,15,31357.92,' P1142 ',''),(634,'2022-11-10 00:00:00',1,17,61554.36,' P1143 ',''),(635,'2022-11-10 00:00:00',1,17,85269.30,' P1144 ',''),(636,'2022-11-10 00:00:00',1,6,110577.95,' P1145 ',''),(637,'2022-11-10 00:00:00',1,17,17353.97,' P1146 ',''),(638,'2022-11-14 00:00:00',1,9,175000.00,' P1148 ',''),(639,'2022-11-18 00:00:00',1,28,14578.50,' P1149 ',''),(640,'2022-11-28 00:00:00',1,44,75000.00,' P1150 ',''),(641,'2022-11-29 00:00:00',1,22,40000.00,' P1174 ',''),(642,'2022-11-29 00:00:00',1,22,30000.00,' P1175 ',''),(643,'2022-11-29 00:00:00',1,22,30000.00,' P1181 ',''),(644,'2022-11-29 00:00:00',1,22,15000.00,' P1182 ',''),(645,'2022-11-29 00:00:00',1,22,15000.00,' P1183 ',''),(646,'2022-11-29 00:00:00',2,44,29950.00,' P1184 ',''),(647,'2022-11-29 00:00:00',1,22,15000.00,' P1185 ',''),(648,'2022-11-29 00:00:00',1,22,90000.00,' P1186 ',''),(649,'2022-11-29 00:00:00',1,25,230000.00,' P1187 ',''),(650,'2022-11-29 00:00:00',1,16,100000.00,' P1188 ',''),(651,'2022-11-29 00:00:00',1,22,50000.00,' P1189 ',''),(652,'2022-11-29 00:00:00',1,22,30000.00,' P1190 ',''),(653,'2022-11-29 00:00:00',1,22,114000.00,' P1191 ',''),(654,'2022-11-29 00:00:00',1,44,66557.00,' P1192 ',''),(655,'2022-11-29 00:00:00',1,22,70000.00,' P1193 ',''),(656,'2022-11-29 00:00:00',1,22,12000.00,' P1194 ',''),(657,'2022-11-29 00:00:00',1,44,12000.00,' P1198 ',''),(658,'2022-11-29 00:00:00',1,22,20000.00,' P1199 ',''),(659,'2022-11-29 00:00:00',2,44,79779.00,' P1200 ',''),(660,'2022-11-29 00:00:00',1,44,97500.00,' P1201 ',''),(661,'2022-11-29 00:00:00',1,22,20000.00,' P1202 ',''),(662,'2022-11-29 00:00:00',1,22,6000.00,' P1203 ',''),(663,'2022-11-29 00:00:00',1,44,6000.00,' P1204 ',''),(664,'2022-11-29 00:00:00',1,22,25000.00,' P1205 ',''),(665,'2022-11-30 00:00:00',1,3,106200.00,' P1212 ',''),(666,'2022-11-30 00:00:00',1,9,430000.00,' P1213 ',''),(667,'2022-11-30 00:00:00',1,9,37449.20,' P1214 ',''),(668,'2022-11-30 00:00:00',1,16,121431.07,' P1215 ',''),(669,'2022-11-30 00:00:00',1,17,114472.44,' P1216 ',''),(670,'2022-11-30 00:00:00',1,20,13844.62,' P1217 ',''),(671,'2022-11-30 00:00:00',1,22,25000.00,' P1218 ',''),(672,'2022-11-30 00:00:00',1,22,37256.55,' P1219 ',''),(673,'2022-11-30 00:00:00',1,47,7841.78,' P1220 ',''),(674,'2022-11-30 00:00:00',1,33,17104.72,' P1221 ',''),(675,'2022-11-30 00:00:00',1,42,15720.35,' P1222 ',''),(676,'2022-11-30 00:00:00',1,44,3750.00,' P1223 ',''),(677,'2022-11-30 00:00:00',1,44,39250.00,' P1224 ',''),(678,'2022-11-30 00:00:00',1,44,169755.62,' P1225 ',''),(679,'2022-11-30 00:00:00',1,22,20000.00,' P1226 ',''),(680,'2022-12-07 00:00:00',2,22,25000.00,' P1229 ',''),(681,'2022-12-12 00:00:00',1,41,3000.00,' P1230 ',''),(682,'2022-12-14 00:00:00',1,22,14000.00,' P1231 ',''),(683,'2022-12-14 00:00:00',1,44,3500.00,' P1232 ',''),(684,'2022-12-14 00:00:00',1,38,412500.00,' P1233 ',''),(685,'2022-12-14 00:00:00',1,38,288000.00,' P1234 ',''),(686,'2022-12-14 00:00:00',1,38,166750.00,' P1235 ',''),(687,'2022-12-14 00:00:00',1,38,156000.00,' P1236 ',''),(688,'2022-12-14 00:00:00',1,38,133500.00,' P1237 ',''),(689,'2022-12-14 00:00:00',1,38,123000.00,' P1238 ',''),(690,'2022-12-14 00:00:00',1,38,133500.00,' P1239 ',''),(691,'2022-12-14 00:00:00',1,38,133500.00,' P1240 ',''),(692,'2022-12-14 00:00:00',1,38,135000.00,' P1241 ',''),(693,'2022-12-14 00:00:00',1,38,117500.00,' P1242 ',''),(694,'2022-12-14 00:00:00',2,38,76950.00,' P1243 ',''),(695,'2022-12-14 00:00:00',1,38,85500.00,' P1244 ',''),(696,'2022-12-14 00:00:00',1,38,133500.00,' P1245 ',''),(697,'2022-12-14 00:00:00',1,38,90000.00,' P1246 ',''),(698,'2022-12-14 00:00:00',1,32,9301.71,' P1247 ',''),(699,'2022-12-14 00:00:00',1,22,6000.00,' P1248 ',''),(700,'2022-12-14 00:00:00',1,32,11094.51,' P1249 ',''),(701,'2022-12-14 00:00:00',1,4,18076.79,' P1250 ',''),(702,'2022-12-14 00:00:00',2,22,110000.00,' P1251 ',''),(703,'2022-12-14 00:00:00',1,28,602322.04,' P1252 ',''),(704,'2022-12-14 00:00:00',1,23,201369.18,' P1253 ',''),(705,'2022-12-14 00:00:00',1,15,50884.63,' P1254 ',''),(706,'2022-12-14 00:00:00',1,17,90108.33,' P1255 ',''),(707,'2022-12-14 00:00:00',1,17,51820.00,' P1256 ',''),(708,'2022-12-14 00:00:00',1,6,90378.52,' P1257 ',''),(709,'2022-12-14 00:00:00',1,9,60000.00,' P1258 ',''),(710,'2022-12-28 00:00:00',1,22,15000.00,' P1265 ',''),(711,'2022-12-31 00:00:00',1,3,106200.00,' P1301 ',''),(712,'2022-12-31 00:00:00',1,4,21753.63,' P1302 ',''),(713,'2022-12-31 00:00:00',1,9,123175.60,' P1303 ',''),(714,'2022-12-31 00:00:00',1,16,100000.00,' P1304 ',''),(715,'2022-12-31 00:00:00',1,17,24249.89,' P1305 ',''),(716,'2022-12-31 00:00:00',1,17,37360.90,' P1306 ',''),(717,'2022-12-31 00:00:00',1,20,5039.86,' P1307 ',''),(718,'2022-12-31 00:00:00',1,22,15000.00,' P1308 ',''),(719,'2022-12-31 00:00:00',1,22,15000.00,' P1309 ',''),(720,'2022-12-31 00:00:00',1,22,20000.00,' P1310 ',''),(721,'2022-12-31 00:00:00',1,22,20000.00,' P1311 ',''),(722,'2022-12-31 00:00:00',1,22,20000.00,' P1312 ',''),(723,'2022-12-31 00:00:00',1,22,20000.00,' P1313 ',''),(724,'2022-12-31 00:00:00',1,22,30000.00,' P1314 ',''),(725,'2022-12-31 00:00:00',1,22,40000.00,' P1315 ',''),(726,'2022-12-31 00:00:00',1,22,50000.00,' P1316 ',''),(727,'2022-12-31 00:00:00',1,22,56000.00,' P1317 ',''),(728,'2022-12-31 00:00:00',1,22,60000.00,' P1318 ',''),(729,'2022-12-31 00:00:00',1,22,134800.00,' P1319 ',''),(730,'2022-12-31 00:00:00',1,25,108360.00,' P1320 ',''),(731,'2022-12-31 00:00:00',1,25,194000.00,' P1321 ',''),(732,'2022-12-31 00:00:00',1,33,5000.00,' P1322 ',''),(733,'2022-12-31 00:00:00',1,38,145000.00,' P1323 ',''),(734,'2022-12-31 00:00:00',1,38,213700.00,' P1324 ',''),(735,'2022-12-31 00:00:00',1,41,3000.00,' P1325 ',''),(736,'2022-12-31 00:00:00',1,42,15720.35,' P1326 ',''),(737,'2022-12-31 00:00:00',1,44,2000.00,' P1327 ',''),(738,'2022-12-31 00:00:00',1,44,3989.00,' P1328 ',''),(739,'2022-12-31 00:00:00',2,44,13100.00,' P1329 ',''),(740,'2022-12-31 00:00:00',1,44,20000.00,' P1330 ',''),(741,'2022-12-31 00:00:00',1,44,21200.00,' P1331 ',''),(742,'2022-12-31 00:00:00',1,44,23000.00,' P1332 ',''),(743,'2022-12-31 00:00:00',2,44,25000.00,' P1333 ',''),(744,'2022-12-31 00:00:00',1,44,30000.00,' P1334 ',''),(745,'2022-12-31 00:00:00',1,44,85000.00,' P1335 ',''),(749,'2023-01-30 00:00:00',2,30,20000.00,NULL,NULL);
/*!40000 ALTER TABLE `gastos` ENABLE KEYS */;
UNLOCK TABLES;
/*!50003 SET @saved_cs_client      = @@character_set_client */ ;
/*!50003 SET @saved_cs_results     = @@character_set_results */ ;
/*!50003 SET @saved_col_connection = @@collation_connection */ ;
/*!50003 SET character_set_client  = utf8mb4 */ ;
/*!50003 SET character_set_results = utf8mb4 */ ;
/*!50003 SET collation_connection  = utf8mb4_0900_ai_ci */ ;
/*!50003 SET @saved_sql_mode       = @@sql_mode */ ;
/*!50003 SET sql_mode              = 'ONLY_FULL_GROUP_BY,STRICT_TRANS_TABLES,NO_ZERO_IN_DATE,NO_ZERO_DATE,ERROR_FOR_DIVISION_BY_ZERO,NO_ENGINE_SUBSTITUTION' */ ;
DELIMITER ;;
/*!50003 CREATE*/ /*!50017 DEFINER=`root`@`localhost`*/ /*!50003 TRIGGER `trigger_validar_fecha` BEFORE INSERT ON `gastos` FOR EACH ROW BEGIN
  DECLARE ultima_fecha DATE;
  SELECT fecha INTO ultima_fecha FROM Gastos ORDER BY fecha DESC LIMIT 1;
  IF NEW.fecha < ultima_fecha THEN
    SIGNAL SQLSTATE '45000' SET MESSAGE_TEXT = 'Error: La fecha del gasto es anterior a la fecha del ltimo gasto registrado';
  END IF;
END */;;
DELIMITER ;
/*!50003 SET sql_mode              = @saved_sql_mode */ ;
/*!50003 SET character_set_client  = @saved_cs_client */ ;
/*!50003 SET character_set_results = @saved_cs_results */ ;
/*!50003 SET collation_connection  = @saved_col_connection */ ;

--
-- Temporary view structure for view `iva_df_xventa`
--

DROP TABLE IF EXISTS `iva_df_xventa`;
/*!50001 DROP VIEW IF EXISTS `iva_df_xventa`*/;
SET @saved_cs_client     = @@character_set_client;
/*!50503 SET character_set_client = utf8mb4 */;
/*!50001 CREATE VIEW `iva_df_xventa` AS SELECT 
 1 AS `Id_Venta`,
 1 AS `IVADF`*/;
SET character_set_client = @saved_cs_client;

--
-- Temporary view structure for view `margenganancia`
--

DROP TABLE IF EXISTS `margenganancia`;
/*!50001 DROP VIEW IF EXISTS `margenganancia`*/;
SET @saved_cs_client     = @@character_set_client;
/*!50503 SET character_set_client = utf8mb4 */;
/*!50001 CREATE VIEW `margenganancia` AS SELECT 
 1 AS `id_venta`,
 1 AS `Cliente`,
 1 AS `Margenganancia`*/;
SET character_set_client = @saved_cs_client;

--
-- Temporary view structure for view `mayorescostos`
--

DROP TABLE IF EXISTS `mayorescostos`;
/*!50001 DROP VIEW IF EXISTS `mayorescostos`*/;
SET @saved_cs_client     = @@character_set_client;
/*!50503 SET character_set_client = utf8mb4 */;
/*!50001 CREATE VIEW `mayorescostos` AS SELECT 
 1 AS `Nombre`,
 1 AS `Total Costos`*/;
SET character_set_client = @saved_cs_client;

--
-- Table structure for table `mediode_pago_cobro`
--

DROP TABLE IF EXISTS `mediode_pago_cobro`;
/*!40101 SET @saved_cs_client     = @@character_set_client */;
/*!50503 SET character_set_client = utf8mb4 */;
CREATE TABLE `mediode_pago_cobro` (
  `Id_Medio` int NOT NULL AUTO_INCREMENT,
  `Tipo` tinytext NOT NULL,
  PRIMARY KEY (`Id_Medio`)
) ENGINE=InnoDB AUTO_INCREMENT=6 DEFAULT CHARSET=utf8mb4 COLLATE=utf8mb4_0900_ai_ci;
/*!40101 SET character_set_client = @saved_cs_client */;

--
-- Dumping data for table `mediode_pago_cobro`
--

LOCK TABLES `mediode_pago_cobro` WRITE;
/*!40000 ALTER TABLE `mediode_pago_cobro` DISABLE KEYS */;
INSERT INTO `mediode_pago_cobro` VALUES (1,'Contado'),(2,'Transferencia'),(3,'Cheque'),(4,'Canje'),(5,'Mercado de Pago');
/*!40000 ALTER TABLE `mediode_pago_cobro` ENABLE KEYS */;
UNLOCK TABLES;

--
-- Table structure for table `pagos`
--

DROP TABLE IF EXISTS `pagos`;
/*!40101 SET @saved_cs_client     = @@character_set_client */;
/*!50503 SET character_set_client = utf8mb4 */;
CREATE TABLE `pagos` (
  `Id_Pago` varchar(60) NOT NULL,
  `Fecha` datetime NOT NULL,
  `Id_Proveedor` int NOT NULL,
  `Monto` decimal(20,2) NOT NULL,
  `Id_Medio` int NOT NULL,
  `Id_unidad_de_negocio` int NOT NULL,
  `Id_Caja` int NOT NULL,
  `Comentarios` varchar(50) DEFAULT NULL,
  PRIMARY KEY (`Id_Pago`),
  KEY `Id_Proveedor` (`Id_Proveedor`),
  KEY `Id_Medio` (`Id_Medio`),
  KEY `Id_unidad_de_negocio` (`Id_unidad_de_negocio`),
  KEY `Id_Caja` (`Id_Caja`),
  CONSTRAINT `pagos_ibfk_1` FOREIGN KEY (`Id_Proveedor`) REFERENCES `proveedores` (`Id_Proveedor`),
  CONSTRAINT `pagos_ibfk_2` FOREIGN KEY (`Id_Medio`) REFERENCES `mediode_pago_cobro` (`Id_Medio`),
  CONSTRAINT `pagos_ibfk_3` FOREIGN KEY (`Id_unidad_de_negocio`) REFERENCES `unidad_de_negocio` (`Id_unidad_de_negocio`),
  CONSTRAINT `pagos_ibfk_4` FOREIGN KEY (`Id_Caja`) REFERENCES `caja` (`Id_Caja`)
) ENGINE=InnoDB DEFAULT CHARSET=utf8mb4 COLLATE=utf8mb4_0900_ai_ci;
/*!40101 SET character_set_client = @saved_cs_client */;

--
-- Dumping data for table `pagos`
--

LOCK TABLES `pagos` WRITE;
/*!40000 ALTER TABLE `pagos` DISABLE KEYS */;
INSERT INTO `pagos` VALUES (' P1 ','2021-12-31 00:00:00',53,10000.00,1,1,1,''),(' P10 ','2022-01-14 00:00:00',53,125000.00,1,1,1,''),(' P100 ','2022-01-31 00:00:00',53,10000.00,1,1,1,''),(' P1000 ','2022-10-11 00:00:00',53,76000.00,1,1,1,''),(' P1001 ','2022-10-11 00:00:00',53,56000.00,2,1,1,''),(' P1002 ','2022-10-11 00:00:00',53,45500.00,2,1,1,''),(' P1003 ','2022-10-11 00:00:00',53,9301.71,2,1,1,''),(' P1004 ','2022-10-11 00:00:00',53,7396.34,1,1,1,''),(' P1005 ','2022-10-11 00:00:00',53,18076.79,2,1,1,''),(' P1006 ','2022-10-11 00:00:00',53,75000.00,2,1,1,''),(' P1007 ','2022-10-11 00:00:00',53,164119.24,2,1,1,''),(' P1008 ','2022-10-11 00:00:00',53,153285.55,2,1,1,''),(' P1009 ','2022-10-11 00:00:00',53,29792.09,1,1,1,''),(' P101 ','2022-02-03 00:00:00',53,100000.00,2,1,1,''),(' P1010 ','2022-10-11 00:00:00',53,61554.36,2,1,1,''),(' P1011 ','2022-10-11 00:00:00',53,4015.10,2,1,1,''),(' P1012 ','2022-10-11 00:00:00',53,108959.62,2,1,1,''),(' P1013 ','2022-10-11 00:00:00',53,13525.00,1,1,1,''),(' P1014 ','2022-10-11 00:00:00',13,169400.00,2,1,1,''),(' P1015 ','2022-10-11 00:00:00',20,54450.00,2,1,1,''),(' P1016 ','2022-10-11 00:00:00',21,151250.00,2,1,1,''),(' P1017 ','2022-10-11 00:00:00',11,29040.00,1,1,1,''),(' P1018 ','2022-10-12 00:00:00',53,175000.00,2,1,1,''),(' P1019 ','2022-10-13 00:00:00',53,24000.00,2,1,1,''),(' P102 ','2022-02-03 00:00:00',53,38752.51,1,1,1,''),(' P1020 ','2022-10-17 00:00:00',53,22796.00,1,1,1,''),(' P1021 ','2022-10-17 00:00:00',53,90000.00,2,1,1,''),(' P1022 ','2022-10-17 00:00:00',53,5000.00,2,1,1,''),(' P1023 ','2022-10-20 00:00:00',53,20000.00,2,1,1,''),(' P1024 ','2022-10-25 00:00:00',53,13525.00,1,1,1,''),(' P1025 ','2022-10-31 00:00:00',8,181500.00,2,1,1,''),(' P1026 ','2022-10-31 00:00:00',26,108900.00,2,1,1,''),(' P1027 ','2022-10-31 00:00:00',7,72600.00,1,1,1,''),(' P1028 ','2022-10-31 00:00:00',5,242000.00,2,1,1,''),(' P1029 ','2022-10-31 00:00:00',13,169400.00,1,1,1,''),(' P103 ','2022-02-04 00:00:00',53,55000.00,1,1,1,''),(' P1030 ','2022-10-31 00:00:00',20,54450.00,2,1,1,''),(' P1031 ','2022-10-31 00:00:00',21,151250.00,1,1,1,''),(' P1032 ','2022-10-31 00:00:00',11,29040.00,2,1,1,''),(' P1033 ','2022-10-31 00:00:00',22,42350.00,3,1,1,''),(' P1034 ','2022-10-31 00:00:00',34,72600.00,2,1,1,''),(' P1035 ','2022-10-31 00:00:00',35,242000.00,1,1,1,''),(' P1036 ','2022-10-31 00:00:00',37,169400.00,2,1,1,''),(' P1037 ','2022-10-31 00:00:00',19,54450.00,1,1,1,''),(' P1038 ','2022-10-31 00:00:00',20,90750.00,2,1,1,''),(' P1039 ','2022-10-31 00:00:00',10,121000.00,1,1,1,''),(' P104 ','2022-02-07 00:00:00',10,121000.00,3,1,1,''),(' P1040 ','2022-10-31 00:00:00',25,81070.00,2,1,1,''),(' P1041 ','2022-10-31 00:00:00',27,44770.00,1,1,1,''),(' P1042 ','2022-10-31 00:00:00',29,84700.00,3,1,1,''),(' P1043 ','2022-10-31 00:00:00',20,54450.00,1,1,1,''),(' P1044 ','2022-10-31 00:00:00',21,151250.00,2,1,1,''),(' P1045 ','2022-10-31 00:00:00',11,29040.00,1,1,1,''),(' P1046 ','2022-10-31 00:00:00',22,24200.00,2,1,1,''),(' P1047 ','2022-10-31 00:00:00',34,72600.00,1,1,1,''),(' P1048 ','2022-10-31 00:00:00',35,242000.00,2,1,1,''),(' P1049 ','2022-10-31 00:00:00',10,133100.00,1,1,1,''),(' P105 ','2022-02-07 00:00:00',14,60500.00,1,1,1,''),(' P1050 ','2022-10-31 00:00:00',13,169400.00,2,1,1,''),(' P1051 ','2022-10-31 00:00:00',20,54450.00,3,1,1,''),(' P1052 ','2022-10-31 00:00:00',21,151250.00,2,1,1,''),(' P1053 ','2022-10-31 00:00:00',11,29040.00,1,1,1,''),(' P1054 ','2022-10-31 00:00:00',51,1610000.00,2,2,2,''),(' P1055 ','2022-10-31 00:00:00',10,121000.00,1,1,1,''),(' P1056 ','2022-10-31 00:00:00',25,81070.00,2,1,1,''),(' P1057 ','2022-10-31 00:00:00',27,44770.00,1,1,1,''),(' P1058 ','2022-10-31 00:00:00',29,84700.00,2,1,1,''),(' P1059 ','2022-10-31 00:00:00',20,54450.00,3,1,1,''),(' P106 ','2022-02-07 00:00:00',17,41140.00,2,1,1,''),(' P1060 ','2022-10-31 00:00:00',21,151250.00,2,1,1,''),(' P1061 ','2022-10-31 00:00:00',11,29040.00,1,1,1,''),(' P1062 ','2022-10-31 00:00:00',22,24200.00,2,1,1,''),(' P1063 ','2022-10-31 00:00:00',34,72600.00,1,1,1,''),(' P1064 ','2022-10-31 00:00:00',35,242000.00,2,1,1,''),(' P1065 ','2022-10-31 00:00:00',10,133100.00,1,1,1,''),(' P1066 ','2022-10-31 00:00:00',53,100000.00,2,1,1,''),(' P1067 ','2022-10-31 00:00:00',53,17846.99,2,1,1,''),(' P1068 ','2022-10-31 00:00:00',53,1982.69,1,1,1,''),(' P1069 ','2022-10-31 00:00:00',53,5000.00,2,1,1,''),(' P107 ','2022-02-07 00:00:00',53,48400.00,1,1,1,''),(' P1070 ','2022-10-31 00:00:00',53,10000.00,2,1,1,''),(' P1071 ','2022-10-31 00:00:00',53,10000.00,2,1,1,''),(' P1072 ','2022-10-31 00:00:00',53,15000.00,1,1,1,''),(' P1073 ','2022-10-31 00:00:00',53,19000.00,2,2,2,''),(' P1074 ','2022-10-31 00:00:00',53,25000.00,2,1,1,''),(' P1075 ','2022-10-31 00:00:00',53,30000.00,2,1,1,''),(' P1076 ','2022-10-31 00:00:00',53,30000.00,2,1,1,''),(' P1077 ','2022-10-31 00:00:00',53,100000.00,1,1,1,''),(' P1078 ','2022-10-31 00:00:00',53,170000.00,2,1,1,''),(' P1079 ','2022-10-31 00:00:00',53,230000.00,2,1,1,''),(' P108 ','2022-02-08 00:00:00',53,50000.00,2,1,1,''),(' P1080 ','2022-10-31 00:00:00',53,18397.00,2,1,1,''),(' P1081 ','2022-10-31 00:00:00',53,7000.00,1,1,1,''),(' P1082 ','2022-10-31 00:00:00',53,7230.33,2,1,1,''),(' P1083 ','2022-10-31 00:00:00',53,25000.00,2,1,1,''),(' P1084 ','2022-10-31 00:00:00',53,96000.00,2,1,1,''),(' P1085 ','2022-10-31 00:00:00',53,56485.96,2,1,1,''),(' P1086 ','2022-10-31 00:00:00',53,140000.00,1,1,1,''),(' P1087 ','2022-10-31 00:00:00',53,24000.00,2,1,1,''),(' P1088 ','2022-10-31 00:00:00',53,2000.00,2,1,1,''),(' P1089 ','2022-10-31 00:00:00',53,10000.00,2,1,1,''),(' P109 ','2022-02-08 00:00:00',53,150000.00,1,1,1,''),(' P1090 ','2022-10-31 00:00:00',53,20000.00,1,1,1,''),(' P1091 ','2022-10-31 00:00:00',53,20000.00,2,1,1,''),(' P1092 ','2022-10-31 00:00:00',53,40000.00,2,1,1,''),(' P1093 ','2022-10-31 00:00:00',53,60000.00,2,1,1,''),(' P1094 ','2022-10-31 00:00:00',53,20000.00,1,1,1,''),(' P1095 ','2022-10-31 00:00:00',53,6000.00,2,1,1,''),(' P1096 ','2022-10-31 00:00:00',53,45000.00,2,1,1,''),(' P1097 ','2022-10-31 00:00:00',13,169400.00,1,1,1,''),(' P1098 ','2022-10-31 00:00:00',20,54450.00,3,1,1,''),(' P1099 ','2022-10-31 00:00:00',21,151250.00,1,1,1,''),(' P11 ','2022-01-14 00:00:00',53,90000.00,2,1,1,''),(' P110 ','2022-02-08 00:00:00',53,125000.00,2,1,1,''),(' P1100 ','2022-10-31 00:00:00',11,29040.00,2,1,1,''),(' P1101 ','2022-10-31 00:00:00',53,50000.00,2,1,1,''),(' P1102 ','2022-10-31 00:00:00',53,72000.00,2,1,1,''),(' P1103 ','2022-11-01 00:00:00',53,106200.00,2,1,1,''),(' P1104 ','2022-11-07 00:00:00',10,121000.00,1,1,1,''),(' P1105 ','2022-11-08 00:00:00',53,3000.00,1,1,1,''),(' P1106 ','2022-11-09 00:00:00',34,72600.00,2,1,1,''),(' P1107 ','2022-11-09 00:00:00',35,242000.00,1,1,1,''),(' P1108 ','2022-11-09 00:00:00',10,133100.00,2,1,1,''),(' P1109 ','2022-11-09 00:00:00',13,169400.00,1,1,1,''),(' P111 ','2022-02-08 00:00:00',53,90000.00,1,1,1,''),(' P1110 ','2022-11-09 00:00:00',20,54450.00,2,1,1,''),(' P1111 ','2022-11-09 00:00:00',21,151250.00,1,1,1,''),(' P1112 ','2022-11-09 00:00:00',11,29040.00,2,1,1,''),(' P1113 ','2022-11-09 00:00:00',25,81070.00,1,1,1,''),(' P1114 ','2022-11-09 00:00:00',27,44770.00,2,1,1,''),(' P1115 ','2022-11-09 00:00:00',29,84700.00,3,1,1,''),(' P1116 ','2022-11-09 00:00:00',20,54450.00,2,1,1,''),(' P1117 ','2022-11-09 00:00:00',21,151250.00,1,1,1,''),(' P1118 ','2022-11-09 00:00:00',11,29040.00,2,1,1,''),(' P1119 ','2022-11-09 00:00:00',22,24200.00,1,1,1,''),(' P112 ','2022-02-08 00:00:00',53,50000.00,2,1,1,''),(' P1120 ','2022-11-10 00:00:00',53,14000.00,1,1,1,''),(' P1121 ','2022-11-10 00:00:00',53,3400.00,2,1,1,''),(' P1122 ','2022-11-10 00:00:00',53,262500.00,1,1,1,''),(' P1123 ','2022-11-10 00:00:00',53,183750.00,2,1,1,''),(' P1124 ','2022-11-10 00:00:00',53,150900.00,1,1,1,''),(' P1125 ','2022-11-10 00:00:00',53,130000.00,2,1,1,''),(' P1126 ','2022-11-10 00:00:00',53,114700.00,1,1,1,''),(' P1127 ','2022-11-10 00:00:00',53,105000.00,2,1,1,''),(' P1128 ','2022-11-10 00:00:00',53,83700.00,1,1,1,''),(' P1129 ','2022-11-10 00:00:00',53,100000.00,2,1,1,''),(' P113 ','2022-02-08 00:00:00',53,50000.00,1,1,1,''),(' P1130 ','2022-11-10 00:00:00',53,100000.00,1,1,1,''),(' P1131 ','2022-11-10 00:00:00',53,89000.00,1,1,1,''),(' P1132 ','2022-11-10 00:00:00',53,93000.00,2,1,1,''),(' P1133 ','2022-11-10 00:00:00',53,60000.00,1,1,1,''),(' P1134 ','2022-11-10 00:00:00',53,60000.00,2,1,1,''),(' P1135 ','2022-11-10 00:00:00',53,100000.00,1,1,1,''),(' P1136 ','2022-11-10 00:00:00',53,63800.00,2,1,1,''),(' P1137 ','2022-11-10 00:00:00',53,9301.71,1,1,1,''),(' P1138 ','2022-11-10 00:00:00',53,7396.34,2,1,1,''),(' P1139 ','2022-11-10 00:00:00',53,18076.79,1,1,1,''),(' P114 ','2022-02-08 00:00:00',53,60000.00,1,1,1,''),(' P1140 ','2022-11-10 00:00:00',53,110000.00,2,1,1,''),(' P1141 ','2022-11-10 00:00:00',53,158074.29,1,1,1,''),(' P1142 ','2022-11-10 00:00:00',53,31357.92,1,1,1,''),(' P1143 ','2022-11-10 00:00:00',53,61554.36,2,1,1,''),(' P1144 ','2022-11-10 00:00:00',53,85269.30,1,1,1,''),(' P1145 ','2022-11-10 00:00:00',53,110577.95,2,1,1,''),(' P1146 ','2022-11-10 00:00:00',53,17353.97,1,1,1,''),(' P1147 ','2022-11-10 00:00:00',10,121000.00,2,1,1,''),(' P1148 ','2022-11-14 00:00:00',53,175000.00,1,1,1,''),(' P1149 ','2022-11-18 00:00:00',53,14578.50,2,1,1,''),(' P115 ','2022-02-08 00:00:00',53,60000.00,2,1,1,''),(' P1150 ','2022-11-28 00:00:00',53,75000.00,1,1,1,''),(' P1151 ','2022-11-29 00:00:00',34,72600.00,1,1,1,''),(' P1152 ','2022-11-29 00:00:00',35,242000.00,2,1,1,''),(' P1153 ','2022-11-29 00:00:00',13,169400.00,1,1,1,''),(' P1154 ','2022-11-29 00:00:00',20,54450.00,2,1,1,''),(' P1155 ','2022-11-29 00:00:00',21,151250.00,1,1,1,''),(' P1156 ','2022-11-29 00:00:00',11,29040.00,2,1,1,''),(' P1157 ','2022-11-29 00:00:00',10,133100.00,1,1,1,''),(' P1158 ','2022-11-29 00:00:00',10,133100.00,3,1,1,''),(' P1159 ','2022-11-29 00:00:00',20,54450.00,1,1,1,''),(' P116 ','2022-02-08 00:00:00',53,60000.00,1,1,1,''),(' P1160 ','2022-11-29 00:00:00',21,151250.00,2,1,1,''),(' P1161 ','2022-11-29 00:00:00',11,29040.00,1,1,1,''),(' P1162 ','2022-11-29 00:00:00',22,24200.00,2,1,1,''),(' P1163 ','2022-11-29 00:00:00',34,72600.00,1,1,1,''),(' P1164 ','2022-11-29 00:00:00',35,242000.00,2,1,1,''),(' P1165 ','2022-11-29 00:00:00',20,54450.00,1,1,1,''),(' P1166 ','2022-11-29 00:00:00',21,151250.00,2,1,1,''),(' P1167 ','2022-11-29 00:00:00',11,42350.00,1,1,1,''),(' P1168 ','2022-11-29 00:00:00',22,31460.00,2,1,1,''),(' P1169 ','2022-11-29 00:00:00',8,181500.00,1,1,1,''),(' P117 ','2022-02-08 00:00:00',53,40000.00,1,1,1,''),(' P1170 ','2022-11-29 00:00:00',26,108900.00,2,1,1,''),(' P1171 ','2022-11-29 00:00:00',7,72600.00,1,1,1,''),(' P1172 ','2022-11-29 00:00:00',5,242000.00,2,1,1,''),(' P1173 ','2022-11-29 00:00:00',51,1820000.00,1,2,2,''),(' P1174 ','2022-11-29 00:00:00',53,40000.00,2,1,1,''),(' P1175 ','2022-11-29 00:00:00',53,30000.00,1,1,1,''),(' P1176 ','2022-11-29 00:00:00',20,54450.00,3,1,1,''),(' P1177 ','2022-11-29 00:00:00',21,151250.00,1,1,1,''),(' P1178 ','2022-11-29 00:00:00',11,29040.00,2,1,1,''),(' P1179 ','2022-11-29 00:00:00',22,24200.00,1,1,1,''),(' P118 ','2022-02-08 00:00:00',53,60000.00,1,1,1,''),(' P1180 ','2022-11-29 00:00:00',10,133100.00,2,1,1,''),(' P1181 ','2022-11-29 00:00:00',53,30000.00,1,1,1,''),(' P1182 ','2022-11-29 00:00:00',53,15000.00,2,1,1,''),(' P1183 ','2022-11-29 00:00:00',53,15000.00,1,1,1,''),(' P1184 ','2022-11-29 00:00:00',53,29950.00,2,2,2,''),(' P1185 ','2022-11-29 00:00:00',53,15000.00,1,1,1,''),(' P1186 ','2022-11-29 00:00:00',53,90000.00,2,1,1,''),(' P1187 ','2022-11-29 00:00:00',53,230000.00,1,1,1,''),(' P1188 ','2022-11-29 00:00:00',53,100000.00,1,1,1,''),(' P1189 ','2022-11-29 00:00:00',53,50000.00,2,1,1,''),(' P119 ','2022-02-08 00:00:00',53,47000.00,2,2,2,''),(' P1190 ','2022-11-29 00:00:00',53,30000.00,1,1,1,''),(' P1191 ','2022-11-29 00:00:00',53,114000.00,2,1,1,''),(' P1192 ','2022-11-29 00:00:00',53,66557.00,1,1,1,''),(' P1193 ','2022-11-29 00:00:00',53,70000.00,2,1,1,''),(' P1194 ','2022-11-29 00:00:00',53,12000.00,1,1,1,''),(' P1195 ','2022-11-29 00:00:00',25,81070.00,1,1,1,''),(' P1196 ','2022-11-29 00:00:00',27,44770.00,2,1,1,''),(' P1197 ','2022-11-29 00:00:00',29,84700.00,1,1,1,''),(' P1198 ','2022-11-29 00:00:00',53,12000.00,1,1,1,''),(' P1199 ','2022-11-29 00:00:00',53,20000.00,2,1,1,''),(' P12 ','2022-01-14 00:00:00',53,50000.00,1,1,1,''),(' P120 ','2022-02-08 00:00:00',53,45000.00,1,1,1,''),(' P1200 ','2022-11-29 00:00:00',53,79779.00,1,2,2,''),(' P1201 ','2022-11-29 00:00:00',53,97500.00,2,1,1,''),(' P1202 ','2022-11-29 00:00:00',53,20000.00,1,1,1,''),(' P1203 ','2022-11-29 00:00:00',53,6000.00,2,1,1,''),(' P1204 ','2022-11-29 00:00:00',53,6000.00,1,1,1,''),(' P1205 ','2022-11-29 00:00:00',53,25000.00,2,1,1,''),(' P1206 ','2022-11-30 00:00:00',47,108900.00,2,1,1,''),(' P1207 ','2022-11-30 00:00:00',50,72600.00,1,1,1,''),(' P1208 ','2022-11-30 00:00:00',13,242000.00,2,1,1,''),(' P1209 ','2022-11-30 00:00:00',15,54450.00,1,1,1,''),(' P121 ','2022-02-08 00:00:00',53,35000.00,2,1,1,''),(' P1210 ','2022-11-30 00:00:00',51,1750000.00,2,2,2,''),(' P1211 ','2022-11-30 00:00:00',51,1365000.00,1,2,2,''),(' P1212 ','2022-11-30 00:00:00',53,106200.00,1,1,1,''),(' P1213 ','2022-11-30 00:00:00',53,430000.00,2,1,1,''),(' P1214 ','2022-11-30 00:00:00',53,37449.20,1,1,1,''),(' P1215 ','2022-11-30 00:00:00',53,121431.07,2,1,1,''),(' P1216 ','2022-11-30 00:00:00',53,114472.44,2,1,1,''),(' P1217 ','2022-11-30 00:00:00',53,13844.62,1,1,1,''),(' P1218 ','2022-11-30 00:00:00',53,25000.00,2,1,1,''),(' P1219 ','2022-11-30 00:00:00',53,37256.55,1,1,1,''),(' P122 ','2022-02-08 00:00:00',53,60000.00,1,1,1,''),(' P1220 ','2022-11-30 00:00:00',53,7841.78,2,1,1,''),(' P1221 ','2022-11-30 00:00:00',53,17104.72,1,1,1,''),(' P1222 ','2022-11-30 00:00:00',53,15720.35,1,1,1,''),(' P1223 ','2022-11-30 00:00:00',53,3750.00,2,1,1,''),(' P1224 ','2022-11-30 00:00:00',53,39250.00,1,1,1,''),(' P1225 ','2022-11-30 00:00:00',53,169755.62,2,1,1,''),(' P1226 ','2022-11-30 00:00:00',53,20000.00,1,1,1,''),(' P1227 ','2022-12-06 00:00:00',34,72600.00,1,1,1,''),(' P1228 ','2022-12-06 00:00:00',35,242000.00,3,1,1,''),(' P1229 ','2022-12-07 00:00:00',53,25000.00,1,2,2,''),(' P123 ','2022-02-08 00:00:00',53,40000.00,2,1,1,''),(' P1230 ','2022-12-12 00:00:00',53,3000.00,2,1,1,''),(' P1231 ','2022-12-14 00:00:00',53,14000.00,1,1,1,''),(' P1232 ','2022-12-14 00:00:00',53,3500.00,2,1,1,''),(' P1233 ','2022-12-14 00:00:00',53,412500.00,1,1,1,''),(' P1234 ','2022-12-14 00:00:00',53,288000.00,1,1,1,''),(' P1235 ','2022-12-14 00:00:00',53,166750.00,2,1,1,''),(' P1236 ','2022-12-14 00:00:00',53,156000.00,1,1,1,''),(' P1237 ','2022-12-14 00:00:00',53,133500.00,2,1,1,''),(' P1238 ','2022-12-14 00:00:00',53,123000.00,1,1,1,''),(' P1239 ','2022-12-14 00:00:00',53,133500.00,2,1,1,''),(' P124 ','2022-02-08 00:00:00',53,40000.00,1,1,1,''),(' P1240 ','2022-12-14 00:00:00',53,133500.00,1,1,1,''),(' P1241 ','2022-12-14 00:00:00',53,135000.00,2,1,1,''),(' P1242 ','2022-12-14 00:00:00',53,117500.00,2,1,1,''),(' P1243 ','2022-12-14 00:00:00',53,76950.00,1,2,2,''),(' P1244 ','2022-12-14 00:00:00',53,85500.00,2,1,1,''),(' P1245 ','2022-12-14 00:00:00',53,133500.00,1,1,1,''),(' P1246 ','2022-12-14 00:00:00',53,90000.00,2,1,1,''),(' P1247 ','2022-12-14 00:00:00',53,9301.71,1,1,1,''),(' P1248 ','2022-12-14 00:00:00',53,6000.00,1,1,1,''),(' P1249 ','2022-12-14 00:00:00',53,11094.51,2,1,1,''),(' P125 ','2022-02-08 00:00:00',53,35000.00,1,1,1,''),(' P1250 ','2022-12-14 00:00:00',53,18076.79,2,1,1,''),(' P1251 ','2022-12-14 00:00:00',53,110000.00,1,2,2,''),(' P1252 ','2022-12-14 00:00:00',53,602322.04,2,1,1,''),(' P1253 ','2022-12-14 00:00:00',53,201369.18,2,1,1,''),(' P1254 ','2022-12-14 00:00:00',53,50884.63,1,1,1,''),(' P1255 ','2022-12-14 00:00:00',53,90108.33,2,1,1,''),(' P1256 ','2022-12-14 00:00:00',53,51820.00,1,1,1,''),(' P1257 ','2022-12-14 00:00:00',53,90378.52,2,1,1,''),(' P1258 ','2022-12-14 00:00:00',53,60000.00,1,1,1,''),(' P1259 ','2022-12-14 00:00:00',34,72600.00,1,1,1,''),(' P126 ','2022-02-08 00:00:00',53,7047.96,2,1,1,''),(' P1260 ','2022-12-14 00:00:00',35,242000.00,2,1,1,''),(' P1261 ','2022-12-14 00:00:00',8,181500.00,1,1,1,''),(' P1262 ','2022-12-14 00:00:00',26,108900.00,2,1,1,''),(' P1263 ','2022-12-14 00:00:00',7,72600.00,1,1,1,''),(' P1264 ','2022-12-14 00:00:00',5,242000.00,2,1,1,''),(' P1265 ','2022-12-28 00:00:00',53,15000.00,1,1,1,''),(' P1266 ','2022-12-31 00:00:00',47,108900.00,2,1,1,''),(' P1267 ','2022-12-31 00:00:00',50,72600.00,1,1,1,''),(' P1268 ','2022-12-31 00:00:00',13,242000.00,2,1,1,''),(' P1269 ','2022-12-31 00:00:00',15,54450.00,1,1,1,''),(' P127 ','2022-02-08 00:00:00',53,15574.32,1,1,1,''),(' P1270 ','2022-12-31 00:00:00',52,609000.00,2,2,2,''),(' P1271 ','2022-12-31 00:00:00',20,54450.00,1,1,1,''),(' P1272 ','2022-12-31 00:00:00',21,151250.00,2,1,1,''),(' P1273 ','2022-12-31 00:00:00',11,29040.00,3,1,1,''),(' P1274 ','2022-12-31 00:00:00',22,24200.00,2,1,1,''),(' P1275 ','2022-12-31 00:00:00',34,72600.00,1,1,1,''),(' P1276 ','2022-12-31 00:00:00',35,242000.00,2,1,1,''),(' P1277 ','2022-12-31 00:00:00',10,133100.00,1,1,1,''),(' P1278 ','2022-12-31 00:00:00',13,169400.00,2,1,1,''),(' P1279 ','2022-12-31 00:00:00',20,54450.00,1,1,1,''),(' P128 ','2022-02-08 00:00:00',53,45000.00,1,1,1,''),(' P1280 ','2022-12-31 00:00:00',21,151250.00,2,1,1,''),(' P1281 ','2022-12-31 00:00:00',11,29040.00,1,1,1,''),(' P1282 ','2022-12-31 00:00:00',10,133100.00,2,1,1,''),(' P1283 ','2022-12-31 00:00:00',10,133100.00,1,1,1,''),(' P1284 ','2022-12-31 00:00:00',25,81070.00,3,1,1,''),(' P1285 ','2022-12-31 00:00:00',27,44770.00,1,1,1,''),(' P1286 ','2022-12-31 00:00:00',29,84700.00,2,1,1,''),(' P1287 ','2022-12-31 00:00:00',20,54450.00,1,1,1,''),(' P1288 ','2022-12-31 00:00:00',21,151250.00,2,1,1,''),(' P1289 ','2022-12-31 00:00:00',11,29040.00,1,1,1,''),(' P129 ','2022-02-08 00:00:00',53,398970.49,2,1,1,''),(' P1290 ','2022-12-31 00:00:00',22,24200.00,2,1,1,''),(' P1291 ','2022-12-31 00:00:00',51,1680000.00,1,2,2,''),(' P1292 ','2022-12-31 00:00:00',51,1015000.00,2,2,2,''),(' P1293 ','2022-12-31 00:00:00',51,686000.00,1,2,2,''),(' P1294 ','2022-12-31 00:00:00',20,54450.00,2,1,1,''),(' P1295 ','2022-12-31 00:00:00',21,151250.00,1,1,1,''),(' P1296 ','2022-12-31 00:00:00',11,29040.00,2,1,1,''),(' P1297 ','2022-12-31 00:00:00',22,24200.00,1,1,1,''),(' P1298 ','2022-12-31 00:00:00',34,72600.00,2,1,1,''),(' P1299 ','2022-12-31 00:00:00',35,242000.00,3,1,1,''),(' P13 ','2022-01-14 00:00:00',53,50000.00,1,1,1,''),(' P130 ','2022-02-08 00:00:00',53,127156.30,2,1,1,''),(' P1300 ','2022-12-31 00:00:00',52,980000.00,2,2,2,''),(' P1301 ','2022-12-31 00:00:00',53,106200.00,2,1,1,''),(' P1302 ','2022-12-31 00:00:00',53,21753.63,1,1,1,''),(' P1303 ','2022-12-31 00:00:00',53,123175.60,2,1,1,''),(' P1304 ','2022-12-31 00:00:00',53,100000.00,1,1,1,''),(' P1305 ','2022-12-31 00:00:00',53,24249.89,2,1,1,''),(' P1306 ','2022-12-31 00:00:00',53,37360.90,1,1,1,''),(' P1307 ','2022-12-31 00:00:00',53,5039.86,2,1,1,''),(' P1308 ','2022-12-31 00:00:00',53,15000.00,1,1,1,''),(' P1309 ','2022-12-31 00:00:00',53,15000.00,2,1,1,''),(' P131 ','2022-02-08 00:00:00',53,14017.14,2,1,1,''),(' P1310 ','2022-12-31 00:00:00',53,20000.00,1,1,1,''),(' P1311 ','2022-12-31 00:00:00',53,20000.00,2,1,1,''),(' P1312 ','2022-12-31 00:00:00',53,20000.00,1,1,1,''),(' P1313 ','2022-12-31 00:00:00',53,20000.00,2,1,1,''),(' P1314 ','2022-12-31 00:00:00',53,30000.00,1,1,1,''),(' P1315 ','2022-12-31 00:00:00',53,40000.00,2,1,1,''),(' P1316 ','2022-12-31 00:00:00',53,50000.00,1,1,1,''),(' P1317 ','2022-12-31 00:00:00',53,56000.00,2,1,1,''),(' P1318 ','2022-12-31 00:00:00',53,60000.00,1,1,1,''),(' P1319 ','2022-12-31 00:00:00',53,134800.00,2,1,1,''),(' P132 ','2022-02-08 00:00:00',53,32161.74,1,1,1,''),(' P1320 ','2022-12-31 00:00:00',53,108360.00,1,1,1,''),(' P1321 ','2022-12-31 00:00:00',53,194000.00,2,1,1,''),(' P1322 ','2022-12-31 00:00:00',53,5000.00,1,1,1,''),(' P1323 ','2022-12-31 00:00:00',53,145000.00,2,1,1,''),(' P1324 ','2022-12-31 00:00:00',53,213700.00,1,1,1,''),(' P1325 ','2022-12-31 00:00:00',53,3000.00,2,1,1,''),(' P1326 ','2022-12-31 00:00:00',53,15720.35,1,1,1,''),(' P1327 ','2022-12-31 00:00:00',53,2000.00,2,1,1,''),(' P1328 ','2022-12-31 00:00:00',53,3989.00,1,1,1,''),(' P1329 ','2022-12-31 00:00:00',53,13100.00,2,2,2,''),(' P133 ','2022-02-08 00:00:00',10,181500.00,1,1,1,''),(' P1330 ','2022-12-31 00:00:00',53,20000.00,1,1,1,''),(' P1331 ','2022-12-31 00:00:00',53,21200.00,2,1,1,''),(' P1332 ','2022-12-31 00:00:00',53,23000.00,1,1,1,''),(' P1333 ','2022-12-31 00:00:00',53,25000.00,2,2,2,''),(' P1334 ','2022-12-31 00:00:00',53,30000.00,1,1,1,''),(' P1335 ','2022-12-31 00:00:00',53,85000.00,2,1,1,''),(' P134 ','2022-02-08 00:00:00',5,90750.00,2,1,1,''),(' P135 ','2022-02-08 00:00:00',4,133100.00,1,1,1,''),(' P136 ','2022-02-08 00:00:00',23,67760.00,2,1,1,''),(' P137 ','2022-02-08 00:00:00',8,94380.00,1,1,1,''),(' P138 ','2022-02-08 00:00:00',19,41140.00,2,1,1,''),(' P139 ','2022-02-10 00:00:00',53,8500.00,2,1,1,''),(' P14 ','2022-01-14 00:00:00',53,60000.00,2,1,1,''),(' P140 ','2022-02-10 00:00:00',53,1050.00,1,1,1,''),(' P141 ','2022-02-15 00:00:00',10,242000.00,1,1,1,''),(' P142 ','2022-02-15 00:00:00',6,60500.00,2,1,1,''),(' P143 ','2022-02-15 00:00:00',1,73810.00,1,1,1,''),(' P144 ','2022-02-15 00:00:00',39,29040.00,2,1,1,''),(' P145 ','2022-02-15 00:00:00',53,27000.00,1,1,1,''),(' P146 ','2022-02-15 00:00:00',10,181500.00,3,1,1,''),(' P147 ','2022-02-16 00:00:00',53,3690.92,2,1,1,''),(' P148 ','2022-02-17 00:00:00',53,5500.00,2,1,1,''),(' P149 ','2022-02-22 00:00:00',53,15000.00,1,1,1,''),(' P15 ','2022-01-14 00:00:00',53,60000.00,1,1,1,''),(' P150 ','2022-02-28 00:00:00',4,193600.00,2,1,1,''),(' P151 ','2022-02-28 00:00:00',8,108900.00,1,1,1,''),(' P152 ','2022-02-28 00:00:00',10,302500.00,2,1,1,''),(' P153 ','2022-02-28 00:00:00',15,48400.00,1,1,1,''),(' P154 ','2022-02-28 00:00:00',9,30250.00,2,1,1,''),(' P155 ','2022-02-28 00:00:00',5,121000.00,1,1,1,''),(' P156 ','2022-02-28 00:00:00',4,9680.00,2,1,1,''),(' P157 ','2022-02-28 00:00:00',14,181500.00,1,1,1,''),(' P158 ','2022-02-28 00:00:00',12,24200.00,3,1,1,''),(' P159 ','2022-02-28 00:00:00',28,96800.00,1,1,1,''),(' P16 ','2022-01-14 00:00:00',53,60000.00,1,1,1,''),(' P160 ','2022-02-28 00:00:00',36,151250.00,2,1,1,''),(' P161 ','2022-02-28 00:00:00',17,96800.00,1,1,1,''),(' P162 ','2022-02-28 00:00:00',10,181500.00,2,1,1,''),(' P163 ','2022-02-28 00:00:00',17,96800.00,1,1,1,''),(' P164 ','2022-02-28 00:00:00',10,181500.00,2,1,1,''),(' P165 ','2022-02-28 00:00:00',24,108900.00,1,1,1,''),(' P166 ','2022-02-28 00:00:00',51,1064000.00,2,2,2,''),(' P167 ','2022-02-28 00:00:00',15,121000.00,1,1,1,''),(' P168 ','2022-02-28 00:00:00',53,137853.78,1,1,1,''),(' P169 ','2022-02-28 00:00:00',53,387.20,2,1,1,''),(' P17 ','2022-01-14 00:00:00',53,40000.00,2,1,1,''),(' P170 ','2022-02-28 00:00:00',53,68131.66,1,1,1,''),(' P171 ','2022-02-28 00:00:00',53,1518.39,2,1,1,''),(' P172 ','2022-02-28 00:00:00',53,5000.00,1,1,1,''),(' P173 ','2022-02-28 00:00:00',53,6000.00,2,1,1,''),(' P174 ','2022-02-28 00:00:00',53,12500.00,1,1,1,''),(' P175 ','2022-02-28 00:00:00',53,12500.00,2,1,1,''),(' P176 ','2022-02-28 00:00:00',53,24000.00,1,1,1,''),(' P177 ','2022-02-28 00:00:00',53,25000.00,1,1,1,''),(' P178 ','2022-02-28 00:00:00',53,150000.00,2,1,1,''),(' P179 ','2022-02-28 00:00:00',53,1999.00,1,1,1,''),(' P18 ','2022-01-14 00:00:00',53,60000.00,1,1,1,''),(' P180 ','2022-02-28 00:00:00',53,11443.65,2,1,1,''),(' P181 ','2022-02-28 00:00:00',53,3190.00,1,1,1,''),(' P182 ','2022-02-28 00:00:00',53,12000.00,2,1,1,''),(' P183 ','2022-02-28 00:00:00',53,1111.11,1,1,1,''),(' P184 ','2022-02-28 00:00:00',53,8.74,2,1,1,''),(' P185 ','2022-03-04 00:00:00',53,76060.00,1,1,1,''),(' P186 ','2022-03-04 00:00:00',53,40000.00,2,1,1,''),(' P187 ','2022-03-09 00:00:00',4,133100.00,1,1,1,''),(' P188 ','2022-03-09 00:00:00',23,67760.00,2,1,1,''),(' P189 ','2022-03-09 00:00:00',8,94380.00,1,1,1,''),(' P19 ','2022-01-14 00:00:00',53,47000.00,1,2,2,''),(' P190 ','2022-03-09 00:00:00',19,41140.00,2,1,1,''),(' P191 ','2022-03-14 00:00:00',53,72580.00,2,1,1,''),(' P192 ','2022-03-14 00:00:00',53,172500.00,1,1,1,''),(' P193 ','2022-03-14 00:00:00',53,143750.00,2,1,1,''),(' P194 ','2022-03-14 00:00:00',53,103500.00,1,1,1,''),(' P195 ','2022-03-14 00:00:00',53,65000.00,2,1,1,''),(' P196 ','2022-03-14 00:00:00',53,65000.00,1,1,1,''),(' P197 ','2022-03-14 00:00:00',53,66000.00,2,1,1,''),(' P198 ','2022-03-14 00:00:00',53,66000.00,1,1,1,''),(' P199 ','2022-03-14 00:00:00',53,66000.00,2,1,1,''),(' P2 ','2021-12-31 00:00:00',53,10000.00,2,1,1,''),(' P20 ','2022-01-14 00:00:00',53,45000.00,2,1,1,''),(' P200 ','2022-03-14 00:00:00',53,35000.00,2,1,1,''),(' P201 ','2022-03-14 00:00:00',53,69000.00,1,1,1,''),(' P202 ','2022-03-14 00:00:00',53,54050.00,2,1,1,''),(' P203 ','2022-03-14 00:00:00',53,49500.00,1,1,1,''),(' P204 ','2022-03-14 00:00:00',53,38500.00,2,1,1,''),(' P205 ','2022-03-14 00:00:00',53,66000.00,1,1,1,''),(' P206 ','2022-03-14 00:00:00',53,46000.00,2,1,1,''),(' P207 ','2022-03-14 00:00:00',53,46000.00,1,1,1,''),(' P208 ','2022-03-14 00:00:00',53,38500.00,2,1,1,''),(' P209 ','2022-03-14 00:00:00',53,7047.96,1,1,1,''),(' P21 ','2022-01-14 00:00:00',53,35000.00,1,1,1,''),(' P210 ','2022-03-14 00:00:00',53,18076.79,2,1,1,''),(' P211 ','2022-03-14 00:00:00',53,45000.00,1,1,1,''),(' P212 ','2022-03-14 00:00:00',53,95071.60,2,1,1,''),(' P213 ','2022-03-14 00:00:00',53,114683.98,1,1,1,''),(' P214 ','2022-03-14 00:00:00',53,14017.14,2,1,1,''),(' P215 ','2022-03-14 00:00:00',53,36433.94,2,1,1,''),(' P216 ','2022-03-14 00:00:00',53,18894.49,1,1,1,''),(' P217 ','2022-03-14 00:00:00',10,181500.00,3,1,1,''),(' P218 ','2022-03-14 00:00:00',17,96800.00,2,1,1,''),(' P219 ','2022-03-14 00:00:00',53,15000.00,1,1,1,''),(' P22 ','2022-01-14 00:00:00',53,60000.00,1,1,1,''),(' P220 ','2022-03-16 00:00:00',53,17275.67,2,1,1,''),(' P221 ','2022-03-21 00:00:00',53,3400.00,2,1,1,''),(' P222 ','2022-03-22 00:00:00',53,12000.00,1,1,1,''),(' P223 ','2022-03-28 00:00:00',10,302500.00,1,1,1,''),(' P224 ','2022-03-28 00:00:00',15,48400.00,2,1,1,''),(' P225 ','2022-03-28 00:00:00',9,30250.00,1,1,1,''),(' P226 ','2022-03-28 00:00:00',5,121000.00,2,1,1,''),(' P227 ','2022-03-28 00:00:00',4,9680.00,1,1,1,''),(' P228 ','2022-03-28 00:00:00',14,181500.00,2,1,1,''),(' P229 ','2022-03-28 00:00:00',12,24200.00,1,1,1,''),(' P23 ','2022-01-14 00:00:00',53,40000.00,2,1,1,''),(' P230 ','2022-03-28 00:00:00',28,96800.00,2,1,1,''),(' P231 ','2022-03-28 00:00:00',36,151250.00,1,1,1,''),(' P232 ','2022-03-28 00:00:00',10,393250.00,2,1,1,''),(' P233 ','2022-03-28 00:00:00',24,54450.00,3,1,1,''),(' P234 ','2022-03-28 00:00:00',30,96800.00,2,1,1,''),(' P235 ','2022-03-28 00:00:00',47,108900.00,1,1,1,''),(' P236 ','2022-03-28 00:00:00',10,242000.00,2,1,1,''),(' P237 ','2022-03-28 00:00:00',15,54450.00,1,1,1,''),(' P238 ','2022-03-28 00:00:00',12,169400.00,2,1,1,''),(' P239 ','2022-03-28 00:00:00',30,133100.00,1,1,1,''),(' P24 ','2022-01-14 00:00:00',53,40000.00,1,1,1,''),(' P240 ','2022-03-28 00:00:00',47,108900.00,2,1,1,''),(' P241 ','2022-03-28 00:00:00',50,72600.00,1,1,1,''),(' P242 ','2022-03-28 00:00:00',53,15000.00,1,1,1,''),(' P243 ','2022-03-28 00:00:00',10,242000.00,3,1,1,''),(' P244 ','2022-03-28 00:00:00',15,54450.00,2,1,1,''),(' P245 ','2022-03-28 00:00:00',12,169400.00,1,1,1,''),(' P246 ','2022-03-28 00:00:00',53,5000.00,2,1,1,''),(' P247 ','2022-03-28 00:00:00',23,121000.00,1,1,1,''),(' P248 ','2022-03-28 00:00:00',52,469000.00,2,2,2,''),(' P249 ','2022-03-28 00:00:00',53,25000.00,2,1,1,''),(' P25 ','2022-01-14 00:00:00',53,35000.00,1,1,1,''),(' P250 ','2022-03-28 00:00:00',53,25800.00,1,1,1,''),(' P251 ','2022-03-28 00:00:00',53,12500.00,2,1,1,''),(' P252 ','2022-03-28 00:00:00',53,12500.00,2,1,1,''),(' P253 ','2022-03-28 00:00:00',53,19000.00,1,2,2,''),(' P254 ','2022-03-28 00:00:00',52,686000.00,2,2,2,''),(' P255 ','2022-03-28 00:00:00',53,14781.00,2,1,1,''),(' P256 ','2022-03-28 00:00:00',53,12500.00,1,1,1,''),(' P257 ','2022-03-28 00:00:00',53,12500.00,2,1,1,''),(' P258 ','2022-03-28 00:00:00',53,2000.00,2,1,1,''),(' P259 ','2022-03-28 00:00:00',53,31287.00,1,1,1,''),(' P26 ','2022-01-14 00:00:00',53,4739.29,2,1,1,''),(' P260 ','2022-03-28 00:00:00',10,181500.00,2,1,1,''),(' P261 ','2022-03-28 00:00:00',17,96800.00,1,1,1,''),(' P262 ','2022-03-28 00:00:00',10,302500.00,2,1,1,''),(' P263 ','2022-03-28 00:00:00',15,48400.00,1,1,1,''),(' P264 ','2022-03-28 00:00:00',9,30250.00,2,1,1,''),(' P265 ','2022-03-28 00:00:00',5,121000.00,1,1,1,''),(' P266 ','2022-03-28 00:00:00',4,9680.00,3,1,1,''),(' P267 ','2022-03-28 00:00:00',14,181500.00,1,1,1,''),(' P268 ','2022-03-28 00:00:00',12,24200.00,2,1,1,''),(' P269 ','2022-03-28 00:00:00',28,96800.00,1,1,1,''),(' P27 ','2022-01-14 00:00:00',53,15574.32,1,1,1,''),(' P270 ','2022-03-28 00:00:00',36,151250.00,2,1,1,''),(' P271 ','2022-03-28 00:00:00',53,15000.00,2,1,1,''),(' P272 ','2022-03-28 00:00:00',53,11200.00,1,1,1,''),(' P273 ','2022-03-28 00:00:00',53,18000.00,2,1,1,''),(' P274 ','2022-03-29 00:00:00',10,393250.00,2,1,1,''),(' P275 ','2022-03-29 00:00:00',24,54450.00,1,1,1,''),(' P276 ','2022-03-29 00:00:00',30,96800.00,2,1,1,''),(' P277 ','2022-03-29 00:00:00',47,108900.00,1,1,1,''),(' P278 ','2022-03-29 00:00:00',53,40000.00,2,1,1,''),(' P279 ','2022-03-30 00:00:00',53,36465.00,1,2,2,''),(' P28 ','2022-01-14 00:00:00',53,45000.00,1,1,1,''),(' P280 ','2022-03-30 00:00:00',10,242000.00,2,1,1,''),(' P281 ','2022-03-30 00:00:00',15,54450.00,1,1,1,''),(' P282 ','2022-03-30 00:00:00',12,169400.00,2,1,1,''),(' P283 ','2022-03-30 00:00:00',53,15000.00,2,1,1,''),(' P284 ','2022-03-30 00:00:00',53,27824.59,2,1,1,''),(' P285 ','2022-03-30 00:00:00',30,133100.00,1,1,1,''),(' P286 ','2022-03-30 00:00:00',47,108900.00,2,1,1,''),(' P287 ','2022-03-30 00:00:00',50,72600.00,1,1,1,''),(' P288 ','2022-03-30 00:00:00',10,242000.00,2,1,1,''),(' P289 ','2022-03-30 00:00:00',15,54450.00,1,1,1,''),(' P29 ','2022-01-14 00:00:00',53,242451.06,2,1,1,''),(' P290 ','2022-03-30 00:00:00',12,169400.00,2,1,1,''),(' P291 ','2022-03-30 00:00:00',53,10000.00,1,1,1,''),(' P292 ','2022-03-30 00:00:00',53,15000.00,1,1,1,''),(' P293 ','2022-03-30 00:00:00',53,24000.00,2,1,1,''),(' P294 ','2022-03-31 00:00:00',4,193600.00,2,1,1,''),(' P295 ','2022-03-31 00:00:00',53,35000.00,2,1,1,''),(' P296 ','2022-03-31 00:00:00',53,55204.75,1,1,1,''),(' P297 ','2022-03-31 00:00:00',53,393.41,2,1,1,''),(' P298 ','2022-03-31 00:00:00',53,55215.60,1,1,1,''),(' P299 ','2022-03-31 00:00:00',53,30980.83,1,1,1,''),(' P3 ','2021-12-31 00:00:00',53,10000.00,1,1,1,''),(' P30 ','2022-01-14 00:00:00',53,94082.39,1,1,1,''),(' P300 ','2022-03-31 00:00:00',53,6000.00,2,1,1,''),(' P301 ','2022-03-31 00:00:00',53,40000.00,2,1,1,''),(' P302 ','2022-03-31 00:00:00',53,150000.00,1,1,1,''),(' P303 ','2022-03-31 00:00:00',53,1999.00,2,1,1,''),(' P304 ','2022-03-31 00:00:00',53,3986.24,1,1,1,''),(' P305 ','2022-03-31 00:00:00',53,3986.24,1,1,1,''),(' P306 ','2022-03-31 00:00:00',53,19885.44,2,1,1,''),(' P307 ','2022-03-31 00:00:00',53,8729.00,2,1,1,''),(' P308 ','2022-03-31 00:00:00',53,1119.85,1,1,1,''),(' P309 ','2022-04-04 00:00:00',53,30000.00,2,1,1,''),(' P31 ','2022-01-14 00:00:00',53,13517.14,1,1,1,''),(' P310 ','2022-04-04 00:00:00',53,45325.68,1,1,1,''),(' P311 ','2022-04-06 00:00:00',53,1300.00,1,1,1,''),(' P312 ','2022-04-07 00:00:00',53,90000.00,2,1,1,''),(' P313 ','2022-04-07 00:00:00',53,12000.00,2,1,1,''),(' P314 ','2022-04-07 00:00:00',53,172500.00,1,1,1,''),(' P315 ','2022-04-07 00:00:00',53,143750.00,2,1,1,''),(' P316 ','2022-04-07 00:00:00',53,103500.00,1,1,1,''),(' P317 ','2022-04-07 00:00:00',53,65000.00,1,1,1,''),(' P318 ','2022-04-07 00:00:00',53,65000.00,2,1,1,''),(' P319 ','2022-04-07 00:00:00',53,66000.00,2,1,1,''),(' P32 ','2022-01-14 00:00:00',53,17559.86,2,1,1,''),(' P320 ','2022-04-07 00:00:00',53,66000.00,1,1,1,''),(' P321 ','2022-04-07 00:00:00',53,66000.00,2,1,1,''),(' P322 ','2022-04-07 00:00:00',53,69000.00,1,1,1,''),(' P323 ','2022-04-07 00:00:00',53,54050.00,1,1,1,''),(' P324 ','2022-04-07 00:00:00',53,49500.00,2,1,1,''),(' P325 ','2022-04-07 00:00:00',53,35000.00,2,1,1,''),(' P326 ','2022-04-07 00:00:00',53,66000.00,1,1,1,''),(' P327 ','2022-04-07 00:00:00',53,46000.00,2,1,1,''),(' P328 ','2022-04-07 00:00:00',53,46000.00,1,1,1,''),(' P329 ','2022-04-07 00:00:00',53,30000.00,1,1,1,''),(' P33 ','2022-01-14 00:00:00',1,18150.00,1,1,1,''),(' P330 ','2022-04-07 00:00:00',53,38500.00,2,1,1,''),(' P331 ','2022-04-07 00:00:00',53,7047.96,2,1,1,''),(' P332 ','2022-04-07 00:00:00',53,3986.24,1,1,1,''),(' P333 ','2022-04-07 00:00:00',53,18076.79,2,1,1,''),(' P334 ','2022-04-07 00:00:00',53,45000.00,1,1,1,''),(' P335 ','2022-04-07 00:00:00',53,443285.63,1,1,1,''),(' P336 ','2022-04-07 00:00:00',53,117997.28,2,1,1,''),(' P337 ','2022-04-07 00:00:00',53,19710.43,2,1,1,''),(' P338 ','2022-04-07 00:00:00',53,43052.23,2,1,1,''),(' P339 ','2022-04-07 00:00:00',10,181500.00,1,1,1,''),(' P34 ','2022-01-14 00:00:00',2,60500.00,3,1,1,''),(' P340 ','2022-04-07 00:00:00',17,96800.00,2,1,1,''),(' P341 ','2022-04-07 00:00:00',10,302500.00,1,1,1,''),(' P342 ','2022-04-07 00:00:00',15,48400.00,2,1,1,''),(' P343 ','2022-04-07 00:00:00',9,30250.00,1,1,1,''),(' P344 ','2022-04-07 00:00:00',5,121000.00,3,1,1,''),(' P345 ','2022-04-07 00:00:00',4,9680.00,1,1,1,''),(' P346 ','2022-04-07 00:00:00',53,15000.00,1,1,1,''),(' P347 ','2022-04-11 00:00:00',53,10500.00,2,1,1,''),(' P348 ','2022-04-16 00:00:00',53,17723.82,1,1,1,''),(' P349 ','2022-04-20 00:00:00',53,2800.00,1,1,1,''),(' P35 ','2022-01-14 00:00:00',3,24200.00,1,1,1,''),(' P350 ','2022-04-22 00:00:00',53,35000.00,2,1,1,''),(' P351 ','2022-04-28 00:00:00',36,151250.00,1,1,1,''),(' P352 ','2022-04-28 00:00:00',14,181500.00,2,1,1,''),(' P353 ','2022-04-28 00:00:00',12,24200.00,1,1,1,''),(' P354 ','2022-04-28 00:00:00',28,96800.00,2,1,1,''),(' P355 ','2022-04-29 00:00:00',30,133100.00,1,1,1,''),(' P356 ','2022-04-29 00:00:00',47,108900.00,2,1,1,''),(' P357 ','2022-04-29 00:00:00',50,72600.00,1,1,1,''),(' P358 ','2022-04-29 00:00:00',10,242000.00,2,1,1,''),(' P359 ','2022-04-29 00:00:00',15,54450.00,1,1,1,''),(' P36 ','2022-01-14 00:00:00',4,29040.00,2,1,1,''),(' P360 ','2022-04-29 00:00:00',12,169400.00,2,1,1,''),(' P361 ','2022-04-29 00:00:00',4,193600.00,1,1,1,''),(' P362 ','2022-04-29 00:00:00',7,78650.00,2,1,1,''),(' P363 ','2022-04-29 00:00:00',11,29040.00,1,1,1,''),(' P364 ','2022-04-29 00:00:00',37,145200.00,2,1,1,''),(' P365 ','2022-04-29 00:00:00',42,44770.00,1,1,1,''),(' P366 ','2022-04-29 00:00:00',41,175450.00,2,1,1,''),(' P367 ','2022-04-29 00:00:00',23,54450.00,1,1,1,''),(' P368 ','2022-04-29 00:00:00',11,145200.00,2,1,1,''),(' P369 ','2022-04-29 00:00:00',13,14520.00,1,1,1,''),(' P37 ','2022-01-14 00:00:00',6,54450.00,1,1,1,''),(' P370 ','2022-04-29 00:00:00',7,30250.00,2,1,1,''),(' P371 ','2022-04-29 00:00:00',16,242000.00,1,1,1,''),(' P372 ','2022-04-29 00:00:00',20,81070.00,2,1,1,''),(' P373 ','2022-04-29 00:00:00',25,44770.00,1,1,1,''),(' P374 ','2022-04-29 00:00:00',27,84700.00,2,1,1,''),(' P375 ','2022-04-29 00:00:00',29,42350.00,1,1,1,''),(' P376 ','2022-04-29 00:00:00',11,145200.00,2,1,1,''),(' P377 ','2022-04-29 00:00:00',13,82280.00,1,1,1,''),(' P378 ','2022-04-29 00:00:00',7,181500.00,2,1,1,''),(' P379 ','2022-04-29 00:00:00',30,133100.00,1,1,1,''),(' P38 ','2022-01-16 00:00:00',53,342.22,2,1,1,''),(' P380 ','2022-04-29 00:00:00',47,108900.00,2,1,1,''),(' P381 ','2022-04-29 00:00:00',50,72600.00,1,1,1,''),(' P382 ','2022-04-29 00:00:00',53,100000.00,2,1,1,''),(' P383 ','2022-04-29 00:00:00',53,50000.00,2,1,1,''),(' P384 ','2022-04-29 00:00:00',10,393250.00,2,1,1,''),(' P385 ','2022-04-29 00:00:00',24,54450.00,1,1,1,''),(' P386 ','2022-04-29 00:00:00',30,96800.00,2,1,1,''),(' P387 ','2022-04-29 00:00:00',47,108900.00,1,1,1,''),(' P388 ','2022-04-29 00:00:00',10,242000.00,2,1,1,''),(' P389 ','2022-04-29 00:00:00',15,54450.00,1,1,1,''),(' P39 ','2022-01-25 00:00:00',10,121000.00,1,1,1,''),(' P390 ','2022-04-29 00:00:00',12,169400.00,2,1,1,''),(' P391 ','2022-04-29 00:00:00',53,2500.00,2,1,1,''),(' P392 ','2022-04-29 00:00:00',53,8154.00,2,1,1,''),(' P393 ','2022-04-29 00:00:00',53,9000.00,1,1,1,''),(' P394 ','2022-04-29 00:00:00',53,30000.00,2,1,1,''),(' P395 ','2022-04-29 00:00:00',53,27000.00,1,1,1,''),(' P396 ','2022-04-29 00:00:00',53,25000.00,2,1,1,''),(' P397 ','2022-04-29 00:00:00',53,25000.00,1,1,1,''),(' P398 ','2022-04-29 00:00:00',53,10000.00,2,1,1,''),(' P399 ','2022-04-29 00:00:00',53,25000.00,2,1,1,''),(' P4 ','2021-12-31 00:00:00',53,20000.00,1,1,1,''),(' P40 ','2022-01-25 00:00:00',47,18150.00,2,1,1,''),(' P400 ','2022-04-29 00:00:00',53,10000.00,1,1,1,''),(' P401 ','2022-04-29 00:00:00',53,40000.00,1,1,1,''),(' P402 ','2022-04-30 00:00:00',10,242000.00,2,1,1,''),(' P403 ','2022-04-30 00:00:00',15,54450.00,1,1,1,''),(' P404 ','2022-04-30 00:00:00',12,169400.00,3,1,1,''),(' P405 ','2022-04-30 00:00:00',53,139850.17,2,1,1,''),(' P406 ','2022-04-30 00:00:00',53,73644.67,2,1,1,''),(' P407 ','2022-04-30 00:00:00',53,10139.54,2,1,1,''),(' P408 ','2022-04-30 00:00:00',53,6000.00,1,1,1,''),(' P409 ','2022-04-30 00:00:00',53,10000.00,2,1,1,''),(' P41 ','2022-01-25 00:00:00',38,60500.00,1,1,1,''),(' P410 ','2022-04-30 00:00:00',53,20000.00,1,1,1,''),(' P411 ','2022-04-30 00:00:00',53,20000.00,2,1,1,''),(' P412 ','2022-04-30 00:00:00',53,25000.00,1,1,1,''),(' P413 ','2022-04-30 00:00:00',53,30000.00,2,1,1,''),(' P414 ','2022-04-30 00:00:00',53,47124.00,2,1,1,''),(' P415 ','2022-04-30 00:00:00',53,1999.00,2,1,1,''),(' P416 ','2022-04-30 00:00:00',53,5518.29,2,1,1,''),(' P417 ','2022-04-30 00:00:00',53,8965.38,2,1,1,''),(' P418 ','2022-04-30 00:00:00',53,57190.00,1,2,2,''),(' P419 ','2022-04-30 00:00:00',53,8759.85,2,1,1,''),(' P42 ','2022-01-25 00:00:00',14,54450.00,3,1,1,''),(' P420 ','2022-05-04 00:00:00',53,90000.00,1,1,1,''),(' P421 ','2022-05-04 00:00:00',53,12000.00,2,1,1,''),(' P422 ','2022-05-04 00:00:00',53,3500.00,1,1,1,''),(' P423 ','2022-05-04 00:00:00',53,172500.00,2,1,1,''),(' P424 ','2022-05-04 00:00:00',53,143750.00,2,1,1,''),(' P425 ','2022-05-04 00:00:00',53,103500.00,2,1,1,''),(' P426 ','2022-05-04 00:00:00',53,65000.00,2,1,1,''),(' P427 ','2022-05-04 00:00:00',53,65000.00,2,1,1,''),(' P428 ','2022-05-04 00:00:00',53,66000.00,2,1,1,''),(' P429 ','2022-05-04 00:00:00',53,60000.00,1,1,1,''),(' P43 ','2022-01-25 00:00:00',10,169400.00,1,1,1,''),(' P430 ','2022-05-04 00:00:00',53,66000.00,2,1,1,''),(' P431 ','2022-05-04 00:00:00',53,66000.00,1,1,1,''),(' P432 ','2022-05-04 00:00:00',53,69000.00,2,1,1,''),(' P433 ','2022-05-04 00:00:00',53,54050.00,1,1,1,''),(' P434 ','2022-05-04 00:00:00',53,49500.00,2,1,1,''),(' P435 ','2022-05-04 00:00:00',53,35000.00,2,1,1,''),(' P436 ','2022-05-04 00:00:00',53,66000.00,2,1,1,''),(' P437 ','2022-05-04 00:00:00',53,46000.00,2,1,1,''),(' P438 ','2022-05-04 00:00:00',53,46000.00,2,1,1,''),(' P439 ','2022-05-04 00:00:00',53,38500.00,1,1,1,''),(' P44 ','2022-01-25 00:00:00',10,302500.00,2,1,1,''),(' P440 ','2022-05-04 00:00:00',53,7047.96,2,1,1,''),(' P441 ','2022-05-04 00:00:00',53,3986.24,1,1,1,''),(' P442 ','2022-05-04 00:00:00',53,18076.79,2,1,1,''),(' P443 ','2022-05-04 00:00:00',53,55000.00,1,1,1,''),(' P444 ','2022-05-04 00:00:00',53,433279.39,2,1,1,''),(' P445 ','2022-05-04 00:00:00',53,116562.43,1,1,1,''),(' P446 ','2022-05-04 00:00:00',53,43494.17,2,1,1,''),(' P447 ','2022-05-04 00:00:00',31,157300.00,1,1,1,''),(' P448 ','2022-05-04 00:00:00',33,33880.00,2,1,1,''),(' P449 ','2022-05-04 00:00:00',17,54450.00,1,1,1,''),(' P45 ','2022-01-25 00:00:00',15,48400.00,1,1,1,''),(' P450 ','2022-05-04 00:00:00',35,42350.00,2,1,1,''),(' P451 ','2022-05-05 00:00:00',53,9195.54,2,1,1,''),(' P452 ','2022-05-06 00:00:00',53,46741.39,1,1,1,''),(' P453 ','2022-05-10 00:00:00',53,19710.43,2,1,1,''),(' P454 ','2022-05-13 00:00:00',53,43408.64,1,1,1,''),(' P455 ','2022-05-16 00:00:00',53,31256.25,2,1,1,''),(' P456 ','2022-05-27 00:00:00',53,3000.00,1,1,1,''),(' P457 ','2022-05-30 00:00:00',53,33011.41,2,1,1,''),(' P458 ','2022-05-30 00:00:00',53,32738.28,1,1,1,''),(' P459 ','2022-05-30 00:00:00',53,40000.00,2,1,1,''),(' P46 ','2022-01-25 00:00:00',9,30250.00,2,1,1,''),(' P460 ','2022-05-30 00:00:00',53,378.23,1,1,1,''),(' P461 ','2022-05-30 00:00:00',53,14312.20,2,1,1,''),(' P462 ','2022-05-30 00:00:00',53,1999.00,1,1,1,''),(' P463 ','2022-05-30 00:00:00',53,46541.04,1,1,1,''),(' P464 ','2022-05-31 00:00:00',11,242000.00,2,1,1,''),(' P465 ','2022-05-31 00:00:00',13,133100.00,1,1,1,''),(' P466 ','2022-05-31 00:00:00',7,29040.00,2,1,1,''),(' P467 ','2022-05-31 00:00:00',16,60500.00,1,1,1,''),(' P468 ','2022-05-31 00:00:00',20,145200.00,2,1,1,''),(' P469 ','2022-05-31 00:00:00',25,108900.00,1,1,1,''),(' P47 ','2022-01-25 00:00:00',5,121000.00,1,1,1,''),(' P470 ','2022-05-31 00:00:00',47,65340.00,2,1,1,''),(' P471 ','2022-05-31 00:00:00',50,242000.00,1,1,1,''),(' P472 ','2022-05-31 00:00:00',10,54450.00,2,1,1,''),(' P473 ','2022-05-31 00:00:00',15,151250.00,1,1,1,''),(' P474 ','2022-05-31 00:00:00',12,29040.00,2,1,1,''),(' P475 ','2022-05-31 00:00:00',44,53240.00,1,1,1,''),(' P476 ','2022-05-31 00:00:00',15,54450.00,2,1,1,''),(' P477 ','2022-05-31 00:00:00',53,50000.00,1,1,1,''),(' P478 ','2022-05-31 00:00:00',53,4500.00,2,1,1,''),(' P479 ','2022-05-31 00:00:00',53,15000.00,2,1,1,''),(' P48 ','2022-01-25 00:00:00',4,9680.00,2,1,1,''),(' P480 ','2022-05-31 00:00:00',50,242000.00,2,1,1,''),(' P481 ','2022-05-31 00:00:00',10,54450.00,1,1,1,''),(' P482 ','2022-05-31 00:00:00',15,151250.00,2,1,1,''),(' P483 ','2022-05-31 00:00:00',12,29040.00,1,1,1,''),(' P484 ','2022-05-31 00:00:00',33,36300.00,2,1,1,''),(' P485 ','2022-05-31 00:00:00',10,393250.00,1,1,1,''),(' P486 ','2022-05-31 00:00:00',24,66550.00,2,1,1,''),(' P487 ','2022-05-31 00:00:00',30,102850.00,1,1,1,''),(' P488 ','2022-05-31 00:00:00',47,121000.00,2,1,1,''),(' P489 ','2022-05-31 00:00:00',10,254100.00,1,1,1,''),(' P49 ','2022-01-25 00:00:00',10,121000.00,1,1,1,''),(' P490 ','2022-05-31 00:00:00',15,60500.00,2,1,1,''),(' P491 ','2022-05-31 00:00:00',12,169400.00,1,1,1,''),(' P492 ','2022-05-31 00:00:00',30,139150.00,2,1,1,''),(' P493 ','2022-05-31 00:00:00',47,108900.00,1,1,1,''),(' P494 ','2022-05-31 00:00:00',50,72600.00,2,1,1,''),(' P495 ','2022-05-31 00:00:00',10,242000.00,1,1,1,''),(' P496 ','2022-05-31 00:00:00',53,25000.00,1,1,1,''),(' P497 ','2022-05-31 00:00:00',53,20000.00,1,1,1,''),(' P498 ','2022-05-31 00:00:00',15,54450.00,2,1,1,''),(' P499 ','2022-05-31 00:00:00',21,42350.00,1,1,1,''),(' P5 ','2021-12-31 00:00:00',53,105000.00,2,1,1,''),(' P50 ','2022-01-25 00:00:00',34,81070.00,2,1,1,''),(' P500 ','2022-05-31 00:00:00',26,54450.00,3,1,1,''),(' P501 ','2022-05-31 00:00:00',32,96800.00,1,1,1,''),(' P502 ','2022-05-31 00:00:00',44,53240.00,2,1,1,''),(' P503 ','2022-05-31 00:00:00',12,169400.00,1,1,1,''),(' P504 ','2022-05-31 00:00:00',43,169400.00,2,1,1,''),(' P505 ','2022-05-31 00:00:00',44,54450.00,1,1,1,''),(' P506 ','2022-05-31 00:00:00',45,151250.00,2,1,1,''),(' P507 ','2022-05-31 00:00:00',18,29040.00,1,1,1,''),(' P508 ','2022-05-31 00:00:00',21,302500.00,2,1,1,''),(' P509 ','2022-05-31 00:00:00',53,25000.00,1,1,1,''),(' P51 ','2022-01-25 00:00:00',15,60500.00,1,1,1,''),(' P510 ','2022-05-31 00:00:00',53,12000.00,2,1,1,''),(' P511 ','2022-05-31 00:00:00',53,15000.00,1,1,1,''),(' P512 ','2022-05-31 00:00:00',53,25000.00,2,1,1,''),(' P513 ','2022-05-31 00:00:00',53,25000.00,1,1,1,''),(' P514 ','2022-05-31 00:00:00',53,40000.00,2,1,1,''),(' P515 ','2022-05-31 00:00:00',22,169400.00,1,1,1,''),(' P516 ','2022-05-31 00:00:00',3,54450.00,2,1,1,''),(' P517 ','2022-05-31 00:00:00',16,151250.00,1,1,1,''),(' P518 ','2022-05-31 00:00:00',32,29040.00,2,1,1,''),(' P519 ','2022-05-31 00:00:00',53,260000.00,1,1,1,''),(' P52 ','2022-01-25 00:00:00',2,24200.00,2,1,1,''),(' P520 ','2022-05-31 00:00:00',53,50000.00,2,1,1,''),(' P521 ','2022-06-06 00:00:00',53,90000.00,1,1,1,''),(' P522 ','2022-06-06 00:00:00',53,3000.00,2,1,1,''),(' P523 ','2022-06-06 00:00:00',53,12000.00,1,1,1,''),(' P524 ','2022-06-06 00:00:00',53,4000.00,2,1,1,''),(' P525 ','2022-06-06 00:00:00',53,172500.00,1,1,1,''),(' P526 ','2022-06-06 00:00:00',53,143750.00,2,1,1,''),(' P527 ','2022-06-06 00:00:00',53,103500.00,1,1,1,''),(' P528 ','2022-06-06 00:00:00',53,65000.00,2,1,1,''),(' P529 ','2022-06-06 00:00:00',53,65000.00,1,1,1,''),(' P53 ','2022-01-25 00:00:00',10,217800.00,3,1,1,''),(' P530 ','2022-06-06 00:00:00',53,66000.00,2,1,1,''),(' P531 ','2022-06-06 00:00:00',53,60000.00,1,1,1,''),(' P532 ','2022-06-06 00:00:00',53,66000.00,2,1,1,''),(' P533 ','2022-06-06 00:00:00',53,66000.00,1,1,1,''),(' P534 ','2022-06-06 00:00:00',53,69000.00,2,1,1,''),(' P535 ','2022-06-06 00:00:00',53,66000.00,1,1,1,''),(' P536 ','2022-06-06 00:00:00',53,35000.00,2,1,1,''),(' P537 ','2022-06-06 00:00:00',53,66000.00,2,1,1,''),(' P538 ','2022-06-06 00:00:00',53,46000.00,1,1,1,''),(' P539 ','2022-06-06 00:00:00',53,46000.00,2,1,1,''),(' P54 ','2022-01-28 00:00:00',14,181500.00,2,1,1,''),(' P540 ','2022-06-06 00:00:00',53,38500.00,1,1,1,''),(' P541 ','2022-06-06 00:00:00',53,7047.96,2,1,1,''),(' P542 ','2022-06-06 00:00:00',53,3986.24,2,1,1,''),(' P543 ','2022-06-06 00:00:00',53,18076.79,1,1,1,''),(' P544 ','2022-06-06 00:00:00',53,55000.00,2,1,1,''),(' P545 ','2022-06-06 00:00:00',53,182124.01,1,1,1,''),(' P546 ','2022-06-06 00:00:00',53,98940.65,2,1,1,''),(' P547 ','2022-06-06 00:00:00',53,30444.65,1,1,1,''),(' P548 ','2022-06-06 00:00:00',53,50364.46,2,1,1,''),(' P549 ','2022-06-06 00:00:00',45,54450.00,1,1,1,''),(' P55 ','2022-01-28 00:00:00',12,24200.00,1,1,1,''),(' P550 ','2022-06-06 00:00:00',46,151250.00,2,1,1,''),(' P551 ','2022-06-06 00:00:00',53,40000.00,2,1,1,''),(' P552 ','2022-06-07 00:00:00',53,22010.60,1,1,1,''),(' P553 ','2022-06-08 00:00:00',53,14185.24,2,1,1,''),(' P554 ','2022-06-15 00:00:00',53,18702.21,1,1,1,''),(' P555 ','2022-06-16 00:00:00',53,28273.53,2,1,1,''),(' P556 ','2022-06-22 00:00:00',53,3986.24,1,1,1,''),(' P557 ','2022-06-24 00:00:00',53,35000.00,2,1,1,''),(' P558 ','2022-06-30 00:00:00',18,302500.00,2,1,1,''),(' P559 ','2022-06-30 00:00:00',21,169400.00,1,1,1,''),(' P56 ','2022-01-28 00:00:00',28,96800.00,2,1,1,''),(' P560 ','2022-06-30 00:00:00',22,114950.00,2,1,1,''),(' P561 ','2022-06-30 00:00:00',3,151250.00,1,1,1,''),(' P562 ','2022-06-30 00:00:00',10,54450.00,2,1,1,''),(' P563 ','2022-06-30 00:00:00',15,96800.00,1,1,1,''),(' P564 ','2022-06-30 00:00:00',12,53240.00,2,1,1,''),(' P565 ','2022-06-30 00:00:00',44,29040.00,1,1,1,''),(' P566 ','2022-06-30 00:00:00',18,84700.00,2,1,1,''),(' P567 ','2022-06-30 00:00:00',10,393250.00,1,1,1,''),(' P568 ','2022-06-30 00:00:00',24,66550.00,2,1,1,''),(' P569 ','2022-06-30 00:00:00',30,102850.00,1,1,1,''),(' P57 ','2022-01-28 00:00:00',36,151250.00,1,1,1,''),(' P570 ','2022-06-30 00:00:00',47,114950.00,2,1,1,''),(' P571 ','2022-06-30 00:00:00',22,169400.00,1,1,1,''),(' P572 ','2022-06-30 00:00:00',3,54450.00,2,1,1,''),(' P573 ','2022-06-30 00:00:00',16,151250.00,1,1,1,''),(' P574 ','2022-06-30 00:00:00',32,65340.00,2,1,1,''),(' P575 ','2022-06-30 00:00:00',24,66550.00,1,1,1,''),(' P576 ','2022-06-30 00:00:00',30,102850.00,2,1,1,''),(' P577 ','2022-06-30 00:00:00',47,114950.00,3,1,1,''),(' P578 ','2022-06-30 00:00:00',32,54450.00,2,1,1,''),(' P579 ','2022-06-30 00:00:00',45,151250.00,1,1,1,''),(' P58 ','2022-01-28 00:00:00',10,393250.00,2,1,1,''),(' P580 ','2022-06-30 00:00:00',46,29040.00,2,1,1,''),(' P581 ','2022-06-30 00:00:00',18,54450.00,1,1,1,''),(' P582 ','2022-06-30 00:00:00',3,151250.00,2,1,1,''),(' P583 ','2022-06-30 00:00:00',10,181500.00,1,1,1,''),(' P584 ','2022-06-30 00:00:00',15,151250.00,2,1,1,''),(' P585 ','2022-06-30 00:00:00',12,29040.00,1,1,1,''),(' P586 ','2022-06-30 00:00:00',44,53240.00,2,1,1,''),(' P587 ','2022-06-30 00:00:00',15,54450.00,1,1,1,''),(' P588 ','2022-06-30 00:00:00',43,169400.00,2,1,1,''),(' P589 ','2022-06-30 00:00:00',44,54450.00,1,1,1,''),(' P59 ','2022-01-28 00:00:00',24,54450.00,1,1,1,''),(' P590 ','2022-06-30 00:00:00',51,1246000.00,2,2,2,''),(' P591 ','2022-06-30 00:00:00',43,169400.00,1,1,1,''),(' P592 ','2022-06-30 00:00:00',44,54450.00,3,1,1,''),(' P593 ','2022-06-30 00:00:00',45,151250.00,1,1,1,''),(' P594 ','2022-06-30 00:00:00',18,29040.00,2,1,1,''),(' P595 ','2022-06-30 00:00:00',47,114950.00,1,1,1,''),(' P596 ','2022-06-30 00:00:00',32,54450.00,2,1,1,''),(' P597 ','2022-06-30 00:00:00',45,151250.00,1,1,1,''),(' P598 ','2022-06-30 00:00:00',46,29040.00,2,1,1,''),(' P599 ','2022-06-30 00:00:00',18,54450.00,1,1,1,''),(' P6 ','2021-12-31 00:00:00',53,93478.00,1,1,1,''),(' P60 ','2022-01-28 00:00:00',30,96800.00,2,1,1,''),(' P600 ','2022-06-30 00:00:00',3,151250.00,2,1,1,''),(' P601 ','2022-06-30 00:00:00',10,181500.00,1,1,1,''),(' P602 ','2022-06-30 00:00:00',47,108900.00,2,1,1,''),(' P603 ','2022-06-30 00:00:00',50,72600.00,1,1,1,''),(' P604 ','2022-06-30 00:00:00',13,242000.00,3,1,1,''),(' P605 ','2022-06-30 00:00:00',15,54450.00,1,1,1,''),(' P606 ','2022-06-30 00:00:00',16,242000.00,2,1,1,''),(' P607 ','2022-06-30 00:00:00',20,81070.00,1,1,1,''),(' P608 ','2022-06-30 00:00:00',25,44770.00,2,1,1,''),(' P609 ','2022-06-30 00:00:00',27,84700.00,1,1,1,''),(' P61 ','2022-01-28 00:00:00',47,108900.00,3,1,1,''),(' P610 ','2022-06-30 00:00:00',29,42350.00,2,1,1,''),(' P611 ','2022-06-30 00:00:00',11,145200.00,1,1,1,''),(' P612 ','2022-06-30 00:00:00',10,121000.00,2,1,1,''),(' P613 ','2022-06-30 00:00:00',25,81070.00,1,1,1,''),(' P614 ','2022-06-30 00:00:00',27,44770.00,2,1,1,''),(' P615 ','2022-06-30 00:00:00',29,84700.00,1,1,1,''),(' P616 ','2022-06-30 00:00:00',11,42350.00,2,1,1,''),(' P617 ','2022-06-30 00:00:00',53,30000.00,2,1,1,''),(' P618 ','2022-06-30 00:00:00',53,62458.81,1,1,1,''),(' P619 ','2022-06-30 00:00:00',53,37818.38,2,1,1,''),(' P62 ','2022-01-28 00:00:00',10,242000.00,2,1,1,''),(' P620 ','2022-06-30 00:00:00',53,397.67,1,1,1,''),(' P621 ','2022-06-30 00:00:00',53,4500.00,2,1,1,''),(' P622 ','2022-06-30 00:00:00',53,10000.00,1,1,1,''),(' P623 ','2022-06-30 00:00:00',53,15000.00,2,1,1,''),(' P624 ','2022-06-30 00:00:00',53,20000.00,2,1,1,''),(' P625 ','2022-06-30 00:00:00',53,20000.00,1,1,1,''),(' P626 ','2022-06-30 00:00:00',53,20000.00,2,1,1,''),(' P627 ','2022-06-30 00:00:00',53,25000.00,1,1,1,''),(' P628 ','2022-06-30 00:00:00',53,1999.00,2,1,1,''),(' P629 ','2022-06-30 00:00:00',53,16400.00,2,1,1,''),(' P63 ','2022-01-28 00:00:00',15,54450.00,1,1,1,''),(' P630 ','2022-06-30 00:00:00',53,10000.00,1,1,1,''),(' P631 ','2022-06-30 00:00:00',53,16500.00,2,1,1,''),(' P632 ','2022-06-30 00:00:00',53,19250.00,1,1,1,''),(' P633 ','2022-06-30 00:00:00',53,23000.00,2,1,1,''),(' P634 ','2022-06-30 00:00:00',53,23000.00,1,1,1,''),(' P635 ','2022-06-30 00:00:00',53,32500.00,2,1,1,''),(' P636 ','2022-06-30 00:00:00',53,32500.00,2,1,1,''),(' P637 ','2022-06-30 00:00:00',53,33000.00,1,1,1,''),(' P638 ','2022-06-30 00:00:00',53,33000.00,2,1,1,''),(' P639 ','2022-06-30 00:00:00',53,33000.00,1,1,1,''),(' P64 ','2022-01-28 00:00:00',12,169400.00,2,1,1,''),(' P640 ','2022-06-30 00:00:00',53,33000.00,2,1,1,''),(' P641 ','2022-06-30 00:00:00',53,34500.00,2,1,1,''),(' P642 ','2022-06-30 00:00:00',53,51750.00,1,1,1,''),(' P643 ','2022-06-30 00:00:00',53,71875.00,2,1,1,''),(' P644 ','2022-06-30 00:00:00',53,86250.00,1,2,2,''),(' P645 ','2022-06-30 00:00:00',53,11666.67,2,1,1,''),(' P646 ','2022-06-30 00:00:00',53,22520.83,1,1,1,''),(' P647 ','2022-06-30 00:00:00',53,9417.10,2,1,1,''),(' P648 ','2022-06-30 00:00:00',53,10000.00,2,1,1,''),(' P649 ','2022-06-30 00:00:00',53,11541.00,1,1,1,''),(' P65 ','2022-01-28 00:00:00',30,133100.00,1,1,1,''),(' P650 ','2022-06-30 00:00:00',53,50000.00,2,1,1,''),(' P651 ','2022-06-30 00:00:00',53,17342.15,1,1,1,''),(' P652 ','2022-07-05 00:00:00',53,5000.00,2,1,1,''),(' P653 ','2022-07-06 00:00:00',53,90000.00,2,1,1,''),(' P654 ','2022-07-06 00:00:00',53,3000.00,1,1,1,''),(' P655 ','2022-07-06 00:00:00',53,12000.00,2,1,1,''),(' P656 ','2022-07-06 00:00:00',53,2600.00,1,1,1,''),(' P657 ','2022-07-06 00:00:00',53,195000.00,2,1,1,''),(' P658 ','2022-07-06 00:00:00',53,162500.00,1,1,1,''),(' P659 ','2022-07-06 00:00:00',53,117000.00,2,1,1,''),(' P66 ','2022-01-28 00:00:00',47,108900.00,2,1,1,''),(' P660 ','2022-07-06 00:00:00',53,95000.00,2,1,1,''),(' P661 ','2022-07-06 00:00:00',53,75000.00,1,1,1,''),(' P662 ','2022-07-06 00:00:00',53,75000.00,2,1,1,''),(' P663 ','2022-07-06 00:00:00',53,69000.00,1,1,1,''),(' P664 ','2022-07-06 00:00:00',53,75000.00,2,1,1,''),(' P665 ','2022-07-06 00:00:00',53,75000.00,2,1,1,''),(' P666 ','2022-07-06 00:00:00',53,72000.00,1,1,1,''),(' P667 ','2022-07-06 00:00:00',53,70500.00,2,1,1,''),(' P668 ','2022-07-06 00:00:00',53,38500.00,1,1,1,''),(' P669 ','2022-07-06 00:00:00',53,75000.00,2,1,1,''),(' P67 ','2022-01-28 00:00:00',50,72600.00,1,1,1,''),(' P670 ','2022-07-06 00:00:00',53,52000.00,1,1,1,''),(' P671 ','2022-07-06 00:00:00',53,52000.00,2,1,1,''),(' P672 ','2022-07-06 00:00:00',53,42000.00,2,1,1,''),(' P673 ','2022-07-06 00:00:00',53,7047.96,1,1,1,''),(' P674 ','2022-07-06 00:00:00',53,7972.48,2,1,1,''),(' P675 ','2022-07-06 00:00:00',53,18076.79,1,1,1,''),(' P676 ','2022-07-06 00:00:00',53,55000.00,2,1,1,''),(' P677 ','2022-07-06 00:00:00',53,344756.06,2,1,1,''),(' P678 ','2022-07-06 00:00:00',53,117241.43,1,1,1,''),(' P679 ','2022-07-06 00:00:00',53,21512.61,2,1,1,''),(' P68 ','2022-01-28 00:00:00',10,242000.00,2,1,1,''),(' P680 ','2022-07-06 00:00:00',53,95061.35,1,1,1,''),(' P681 ','2022-07-06 00:00:00',53,40000.00,2,1,1,''),(' P682 ','2022-07-06 00:00:00',1,42350.00,1,1,1,''),(' P683 ','2022-07-06 00:00:00',2,145200.00,2,1,1,''),(' P684 ','2022-07-06 00:00:00',17,121000.00,2,1,1,''),(' P685 ','2022-07-06 00:00:00',20,81070.00,1,1,1,''),(' P686 ','2022-07-06 00:00:00',53,13714.50,2,1,1,''),(' P687 ','2022-07-06 00:00:00',53,21504.18,2,1,1,''),(' P688 ','2022-07-08 00:00:00',53,26800.00,1,1,1,''),(' P689 ','2022-07-08 00:00:00',53,15534.45,1,1,1,''),(' P69 ','2022-01-28 00:00:00',15,36300.00,1,1,1,''),(' P690 ','2022-07-15 00:00:00',22,42350.00,2,1,1,''),(' P691 ','2022-07-15 00:00:00',34,72600.00,1,1,1,''),(' P692 ','2022-07-15 00:00:00',35,242000.00,2,1,1,''),(' P693 ','2022-07-15 00:00:00',37,169400.00,1,1,1,''),(' P694 ','2022-07-15 00:00:00',19,54450.00,2,1,1,''),(' P695 ','2022-07-15 00:00:00',20,90750.00,1,1,1,''),(' P696 ','2022-07-15 00:00:00',35,242000.00,2,1,1,''),(' P697 ','2022-07-15 00:00:00',25,169400.00,1,1,1,''),(' P698 ','2022-07-15 00:00:00',18,54450.00,2,1,1,''),(' P699 ','2022-07-15 00:00:00',14,151250.00,1,1,1,''),(' P7 ','2022-01-14 00:00:00',53,40000.00,1,1,1,''),(' P70 ','2022-01-28 00:00:00',12,169400.00,2,1,1,''),(' P700 ','2022-07-15 00:00:00',43,29040.00,2,1,1,''),(' P701 ','2022-07-15 00:00:00',17,42350.00,1,1,1,''),(' P702 ','2022-07-15 00:00:00',8,181500.00,2,1,1,''),(' P703 ','2022-07-15 00:00:00',26,108900.00,1,1,1,''),(' P704 ','2022-07-15 00:00:00',7,72600.00,2,1,1,''),(' P705 ','2022-07-15 00:00:00',5,242000.00,1,1,1,''),(' P706 ','2022-07-15 00:00:00',53,22000.00,2,1,1,''),(' P707 ','2022-07-15 00:00:00',53,25000.00,2,1,1,''),(' P708 ','2022-07-15 00:00:00',53,10000.00,1,1,1,''),(' P709 ','2022-07-15 00:00:00',13,169400.00,1,1,1,''),(' P71 ','2022-01-28 00:00:00',10,181500.00,1,1,1,''),(' P710 ','2022-07-15 00:00:00',20,54450.00,2,1,1,''),(' P711 ','2022-07-15 00:00:00',21,151250.00,3,1,1,''),(' P712 ','2022-07-15 00:00:00',11,29040.00,2,1,1,''),(' P713 ','2022-07-15 00:00:00',53,40000.00,1,1,1,''),(' P714 ','2022-07-15 00:00:00',10,133100.00,2,1,1,''),(' P715 ','2022-07-15 00:00:00',34,72600.00,1,1,1,''),(' P716 ','2022-07-15 00:00:00',30,145200.00,2,1,1,''),(' P717 ','2022-07-15 00:00:00',47,114950.00,1,1,1,''),(' P718 ','2022-07-15 00:00:00',50,78650.00,2,1,1,''),(' P719 ','2022-07-15 00:00:00',10,133100.00,1,1,1,''),(' P72 ','2022-01-28 00:00:00',10,121000.00,2,1,1,''),(' P720 ','2022-07-15 00:00:00',53,16000.00,1,1,1,''),(' P721 ','2022-07-15 00:00:00',53,100000.00,2,1,1,''),(' P722 ','2022-07-15 00:00:00',51,1400000.00,1,2,2,''),(' P723 ','2022-07-16 00:00:00',53,25193.73,2,1,1,''),(' P724 ','2022-07-29 00:00:00',53,15000.00,2,1,1,''),(' P725 ','2022-07-31 00:00:00',25,169400.00,1,1,1,''),(' P726 ','2022-07-31 00:00:00',18,54450.00,2,1,1,''),(' P727 ','2022-07-31 00:00:00',14,151250.00,1,1,1,''),(' P728 ','2022-07-31 00:00:00',43,29040.00,2,1,1,''),(' P729 ','2022-07-31 00:00:00',17,42350.00,1,1,1,''),(' P73 ','2022-01-28 00:00:00',53,16096.56,1,1,1,''),(' P730 ','2022-07-31 00:00:00',30,145200.00,2,1,1,''),(' P731 ','2022-07-31 00:00:00',47,114950.00,1,1,1,''),(' P732 ','2022-07-31 00:00:00',50,78650.00,2,1,1,''),(' P733 ','2022-07-31 00:00:00',34,72600.00,1,1,1,''),(' P734 ','2022-07-31 00:00:00',35,242000.00,2,1,1,''),(' P735 ','2022-07-31 00:00:00',53,5705.51,1,1,1,''),(' P736 ','2022-07-31 00:00:00',53,11290.18,2,1,1,''),(' P737 ','2022-07-31 00:00:00',53,417.11,1,1,1,''),(' P738 ','2022-07-31 00:00:00',53,4500.00,2,1,1,''),(' P739 ','2022-07-31 00:00:00',53,30000.00,1,1,1,''),(' P74 ','2022-01-31 00:00:00',14,121000.00,2,1,1,''),(' P740 ','2022-07-31 00:00:00',53,50000.00,2,1,1,''),(' P741 ','2022-07-31 00:00:00',53,145000.00,1,1,1,''),(' P742 ','2022-07-31 00:00:00',53,23674.48,2,1,1,''),(' P743 ','2022-07-31 00:00:00',53,10000.00,1,1,1,''),(' P744 ','2022-07-31 00:00:00',53,12959.21,2,1,1,''),(' P745 ','2022-07-31 00:00:00',53,28929.89,1,1,1,''),(' P746 ','2022-08-11 00:00:00',53,90000.00,2,1,1,''),(' P747 ','2022-08-11 00:00:00',53,3000.00,1,1,1,''),(' P748 ','2022-08-11 00:00:00',53,12000.00,2,1,1,''),(' P749 ','2022-08-11 00:00:00',53,3700.00,1,1,1,''),(' P75 ','2022-01-31 00:00:00',17,65340.00,1,1,1,''),(' P750 ','2022-08-11 00:00:00',53,195000.00,2,1,1,''),(' P751 ','2022-08-11 00:00:00',53,162500.00,1,1,1,''),(' P752 ','2022-08-11 00:00:00',53,117000.00,2,1,1,''),(' P753 ','2022-08-11 00:00:00',53,95000.00,1,1,1,''),(' P754 ','2022-08-11 00:00:00',53,75000.00,2,1,1,''),(' P755 ','2022-08-11 00:00:00',53,75000.00,1,1,1,''),(' P756 ','2022-08-11 00:00:00',53,69000.00,2,1,1,''),(' P757 ','2022-08-11 00:00:00',53,75000.00,1,1,1,''),(' P758 ','2022-08-11 00:00:00',53,75000.00,2,1,1,''),(' P759 ','2022-08-11 00:00:00',53,75000.00,1,1,1,''),(' P76 ','2022-01-31 00:00:00',53,82910.00,2,1,1,''),(' P760 ','2022-08-11 00:00:00',53,70500.00,2,1,1,''),(' P761 ','2022-08-11 00:00:00',53,45000.00,1,1,1,''),(' P762 ','2022-08-11 00:00:00',53,45000.00,2,1,1,''),(' P763 ','2022-08-11 00:00:00',53,75000.00,1,1,1,''),(' P764 ','2022-08-11 00:00:00',53,52000.00,2,1,1,''),(' P765 ','2022-08-11 00:00:00',53,52000.00,1,1,1,''),(' P766 ','2022-08-11 00:00:00',53,42000.00,2,1,1,''),(' P767 ','2022-08-11 00:00:00',53,9301.71,1,1,1,''),(' P768 ','2022-08-11 00:00:00',53,7396.34,2,1,1,''),(' P769 ','2022-08-11 00:00:00',53,18076.79,1,1,1,''),(' P77 ','2022-01-31 00:00:00',53,50574.33,1,1,1,''),(' P770 ','2022-08-11 00:00:00',53,58500.00,2,1,1,''),(' P771 ','2022-08-11 00:00:00',53,73279.00,1,1,1,''),(' P772 ','2022-08-11 00:00:00',53,27227.79,2,1,1,''),(' P773 ','2022-08-11 00:00:00',53,22013.90,1,1,1,''),(' P774 ','2022-08-11 00:00:00',53,47138.77,2,1,1,''),(' P775 ','2022-08-11 00:00:00',53,75236.00,1,1,1,''),(' P776 ','2022-08-11 00:00:00',25,169400.00,2,1,1,''),(' P777 ','2022-08-11 00:00:00',18,54450.00,1,1,1,''),(' P778 ','2022-08-11 00:00:00',14,121000.00,2,1,1,''),(' P779 ','2022-08-11 00:00:00',43,29040.00,1,1,1,''),(' P78 ','2022-01-31 00:00:00',53,52.03,2,1,1,''),(' P780 ','2022-08-11 00:00:00',17,66550.00,2,1,1,''),(' P781 ','2022-08-12 00:00:00',34,94380.00,1,1,1,''),(' P782 ','2022-08-12 00:00:00',35,242000.00,3,1,1,''),(' P783 ','2022-08-12 00:00:00',37,169400.00,1,1,1,''),(' P784 ','2022-08-12 00:00:00',19,78650.00,2,1,1,''),(' P785 ','2022-08-12 00:00:00',20,108900.00,1,1,1,''),(' P786 ','2022-08-12 00:00:00',25,81070.00,2,1,1,''),(' P787 ','2022-08-12 00:00:00',27,44770.00,1,1,1,''),(' P788 ','2022-08-12 00:00:00',29,84700.00,2,1,1,''),(' P789 ','2022-08-12 00:00:00',11,42350.00,1,1,1,''),(' P79 ','2022-01-31 00:00:00',53,14687.52,1,1,1,''),(' P790 ','2022-08-12 00:00:00',13,169400.00,2,1,1,''),(' P791 ','2022-08-12 00:00:00',20,54450.00,1,1,1,''),(' P792 ','2022-08-12 00:00:00',21,151250.00,2,1,1,''),(' P793 ','2022-08-12 00:00:00',11,29040.00,1,1,1,''),(' P794 ','2022-08-12 00:00:00',22,24200.00,2,1,1,''),(' P795 ','2022-08-12 00:00:00',10,133100.00,1,1,1,''),(' P796 ','2022-08-12 00:00:00',13,169400.00,2,1,1,''),(' P797 ','2022-08-12 00:00:00',20,54450.00,1,1,1,''),(' P798 ','2022-08-12 00:00:00',21,151250.00,2,1,1,''),(' P799 ','2022-08-12 00:00:00',11,29040.00,1,1,1,''),(' P8 ','2022-01-14 00:00:00',53,50000.00,2,1,1,''),(' P80 ','2022-01-31 00:00:00',53,2500.00,2,1,1,''),(' P800 ','2022-08-12 00:00:00',8,181500.00,2,1,1,''),(' P801 ','2022-08-12 00:00:00',26,108900.00,3,1,1,''),(' P802 ','2022-08-12 00:00:00',7,90750.00,2,1,1,''),(' P803 ','2022-08-12 00:00:00',5,242000.00,1,1,1,''),(' P804 ','2022-08-12 00:00:00',53,20000.00,2,1,1,''),(' P805 ','2022-08-12 00:00:00',13,169400.00,1,1,1,''),(' P806 ','2022-08-12 00:00:00',20,54450.00,2,1,1,''),(' P807 ','2022-08-12 00:00:00',21,151250.00,1,1,1,''),(' P808 ','2022-08-12 00:00:00',11,29040.00,2,1,1,''),(' P809 ','2022-08-12 00:00:00',22,60500.00,1,1,1,''),(' P81 ','2022-01-31 00:00:00',53,1999.00,1,1,1,''),(' P810 ','2022-08-12 00:00:00',10,133100.00,2,1,1,''),(' P811 ','2022-08-12 00:00:00',34,72600.00,1,1,1,''),(' P812 ','2022-08-12 00:00:00',35,242000.00,2,1,1,''),(' P813 ','2022-08-16 00:00:00',53,20000.00,1,1,1,''),(' P814 ','2022-08-16 00:00:00',53,15000.00,2,1,1,''),(' P815 ','2022-08-17 00:00:00',8,181500.00,1,1,1,''),(' P816 ','2022-08-17 00:00:00',26,108900.00,2,1,1,''),(' P817 ','2022-08-17 00:00:00',7,72600.00,1,1,1,''),(' P818 ','2022-08-17 00:00:00',5,242000.00,2,1,1,''),(' P819 ','2022-08-17 00:00:00',53,27500.00,1,1,1,''),(' P82 ','2022-01-31 00:00:00',53,9455.79,2,1,1,''),(' P820 ','2022-08-17 00:00:00',51,1750000.00,2,2,2,''),(' P821 ','2022-08-24 00:00:00',53,127500.00,1,1,1,''),(' P822 ','2022-08-29 00:00:00',34,72600.00,2,1,1,''),(' P823 ','2022-08-29 00:00:00',35,242000.00,1,1,1,''),(' P824 ','2022-08-29 00:00:00',37,169400.00,2,1,1,''),(' P825 ','2022-08-29 00:00:00',19,54450.00,1,1,1,''),(' P826 ','2022-08-29 00:00:00',20,90750.00,2,1,1,''),(' P827 ','2022-08-29 00:00:00',10,121000.00,1,1,1,''),(' P828 ','2022-08-29 00:00:00',53,20000.00,2,1,1,''),(' P829 ','2022-08-29 00:00:00',53,20000.00,1,1,1,''),(' P83 ','2022-01-31 00:00:00',53,1111.11,1,1,1,''),(' P830 ','2022-08-29 00:00:00',51,980000.00,2,2,2,''),(' P831 ','2022-08-29 00:00:00',53,16494.61,2,1,1,''),(' P832 ','2022-08-31 00:00:00',51,1225000.00,2,2,2,''),(' P833 ','2022-08-31 00:00:00',51,1470000.00,1,2,2,''),(' P834 ','2022-08-31 00:00:00',53,106200.00,2,1,1,''),(' P835 ','2022-08-31 00:00:00',53,136767.06,1,1,1,''),(' P836 ','2022-08-31 00:00:00',53,72703.24,2,1,1,''),(' P837 ','2022-08-31 00:00:00',53,46358.32,2,1,1,''),(' P838 ','2022-08-31 00:00:00',53,1458.54,2,1,1,''),(' P839 ','2022-08-31 00:00:00',53,6000.00,1,1,1,''),(' P84 ','2022-01-31 00:00:00',53,2926.81,2,1,1,''),(' P840 ','2022-09-05 00:00:00',53,3000.00,2,1,1,''),(' P841 ','2022-09-05 00:00:00',53,14000.00,1,1,1,''),(' P842 ','2022-09-05 00:00:00',53,2300.00,2,1,1,''),(' P843 ','2022-09-05 00:00:00',53,195000.00,2,1,1,''),(' P844 ','2022-09-05 00:00:00',53,162500.00,2,1,1,''),(' P845 ','2022-09-05 00:00:00',53,117000.00,1,1,1,''),(' P846 ','2022-09-05 00:00:00',53,95000.00,2,1,1,''),(' P847 ','2022-09-05 00:00:00',53,75000.00,1,1,1,''),(' P848 ','2022-09-05 00:00:00',53,75000.00,2,1,1,''),(' P849 ','2022-09-05 00:00:00',53,69000.00,2,1,1,''),(' P85 ','2022-01-31 00:00:00',53,8.74,1,1,1,''),(' P850 ','2022-09-05 00:00:00',53,75000.00,2,1,1,''),(' P851 ','2022-09-05 00:00:00',53,75000.00,1,1,1,''),(' P852 ','2022-09-05 00:00:00',53,75900.00,2,1,1,''),(' P853 ','2022-09-05 00:00:00',53,70500.00,1,1,1,''),(' P854 ','2022-09-05 00:00:00',53,45000.00,2,1,1,''),(' P855 ','2022-09-05 00:00:00',53,45000.00,2,1,1,''),(' P856 ','2022-09-05 00:00:00',53,75000.00,2,1,1,''),(' P857 ','2022-09-05 00:00:00',53,52000.00,1,1,1,''),(' P858 ','2022-09-05 00:00:00',53,52000.00,2,1,1,''),(' P859 ','2022-09-05 00:00:00',53,42000.00,1,1,1,''),(' P86 ','2022-01-31 00:00:00',53,15000.00,2,1,1,''),(' P860 ','2022-09-05 00:00:00',53,9301.71,2,1,1,''),(' P861 ','2022-09-05 00:00:00',53,7396.34,2,1,1,''),(' P862 ','2022-09-05 00:00:00',53,18076.79,2,1,1,''),(' P863 ','2022-09-05 00:00:00',53,58500.00,1,1,1,''),(' P864 ','2022-09-05 00:00:00',53,248573.33,2,1,1,''),(' P865 ','2022-09-05 00:00:00',53,145698.30,1,1,1,''),(' P866 ','2022-09-05 00:00:00',53,29792.09,2,1,1,''),(' P867 ','2022-09-05 00:00:00',53,70566.91,2,1,1,''),(' P868 ','2022-09-05 00:00:00',53,41215.02,2,1,1,''),(' P869 ','2022-09-05 00:00:00',53,111110.38,1,1,1,''),(' P87 ','2022-01-31 00:00:00',53,30000.00,1,1,1,''),(' P870 ','2022-09-05 00:00:00',10,121000.00,2,1,1,''),(' P871 ','2022-09-15 00:00:00',53,80000.00,2,1,1,''),(' P872 ','2022-09-27 00:00:00',53,75700.00,1,1,1,''),(' P873 ','2022-09-27 00:00:00',10,121000.00,1,1,1,''),(' P874 ','2022-09-27 00:00:00',53,130000.00,1,1,1,''),(' P875 ','2022-09-27 00:00:00',25,81070.00,1,1,1,''),(' P876 ','2022-09-27 00:00:00',27,44770.00,2,1,1,''),(' P877 ','2022-09-27 00:00:00',29,84700.00,3,1,1,''),(' P878 ','2022-09-27 00:00:00',11,42350.00,2,1,1,''),(' P879 ','2022-09-27 00:00:00',13,169400.00,1,1,1,''),(' P88 ','2022-01-31 00:00:00',53,100000.00,2,1,1,''),(' P880 ','2022-09-27 00:00:00',20,54450.00,2,1,1,''),(' P881 ','2022-09-27 00:00:00',21,151250.00,1,1,1,''),(' P882 ','2022-09-27 00:00:00',11,29040.00,2,1,1,''),(' P883 ','2022-09-27 00:00:00',22,24200.00,1,1,1,''),(' P884 ','2022-09-27 00:00:00',34,72600.00,2,1,1,''),(' P885 ','2022-09-27 00:00:00',35,242000.00,1,1,1,''),(' P886 ','2022-09-27 00:00:00',10,133100.00,2,1,1,''),(' P887 ','2022-09-27 00:00:00',53,160000.00,1,1,1,''),(' P888 ','2022-09-27 00:00:00',53,60000.00,2,1,1,''),(' P889 ','2022-09-27 00:00:00',53,40000.00,1,1,1,''),(' P89 ','2022-01-31 00:00:00',53,80000.00,1,1,1,''),(' P890 ','2022-09-27 00:00:00',53,34000.00,2,1,1,''),(' P891 ','2022-09-27 00:00:00',53,15000.00,1,1,1,''),(' P892 ','2022-09-27 00:00:00',53,20000.00,2,1,1,''),(' P893 ','2022-09-27 00:00:00',53,25000.00,1,1,1,''),(' P894 ','2022-09-27 00:00:00',53,214400.00,2,1,1,''),(' P895 ','2022-09-27 00:00:00',53,5000.00,1,1,1,''),(' P896 ','2022-09-27 00:00:00',51,1386000.00,2,2,2,''),(' P897 ','2022-09-27 00:00:00',53,49413.00,1,1,1,''),(' P898 ','2022-09-27 00:00:00',53,5000.00,2,1,1,''),(' P899 ','2022-09-27 00:00:00',8,181500.00,1,1,1,''),(' P9 ','2022-01-14 00:00:00',53,150000.00,1,1,1,''),(' P90 ','2022-01-31 00:00:00',53,90000.00,2,1,1,''),(' P900 ','2022-09-27 00:00:00',26,108900.00,2,1,1,''),(' P901 ','2022-09-27 00:00:00',7,72600.00,1,1,1,''),(' P902 ','2022-09-27 00:00:00',5,242000.00,2,1,1,''),(' P903 ','2022-09-27 00:00:00',53,4000.00,1,1,1,''),(' P904 ','2022-09-28 00:00:00',53,55000.00,2,1,1,''),(' P905 ','2022-09-29 00:00:00',53,24200.00,1,1,1,''),(' P906 ','2022-09-29 00:00:00',10,121000.00,3,1,1,''),(' P907 ','2022-09-29 00:00:00',53,6000.00,1,1,1,''),(' P908 ','2022-09-29 00:00:00',53,50000.00,2,1,1,''),(' P909 ','2022-09-29 00:00:00',53,12000.00,1,1,1,''),(' P91 ','2022-01-31 00:00:00',53,15000.00,1,1,1,''),(' P910 ','2022-09-29 00:00:00',53,30000.00,1,1,1,''),(' P911 ','2022-09-29 00:00:00',25,81070.00,1,1,1,''),(' P912 ','2022-09-29 00:00:00',27,44770.00,2,1,1,''),(' P913 ','2022-09-29 00:00:00',29,84700.00,1,1,1,''),(' P914 ','2022-09-29 00:00:00',11,42350.00,2,1,1,''),(' P915 ','2022-09-29 00:00:00',53,30000.00,2,1,1,''),(' P916 ','2022-09-29 00:00:00',53,50000.00,2,1,1,''),(' P917 ','2022-09-29 00:00:00',13,169400.00,1,1,1,''),(' P918 ','2022-09-29 00:00:00',20,54450.00,2,1,1,''),(' P919 ','2022-09-29 00:00:00',21,151250.00,1,1,1,''),(' P92 ','2022-01-31 00:00:00',53,25000.00,2,1,1,''),(' P920 ','2022-09-29 00:00:00',11,29040.00,2,1,1,''),(' P921 ','2022-09-29 00:00:00',22,24200.00,1,1,1,''),(' P922 ','2022-09-29 00:00:00',34,72600.00,2,1,1,''),(' P923 ','2022-09-29 00:00:00',35,242000.00,1,1,1,''),(' P924 ','2022-09-29 00:00:00',53,139090.00,2,1,1,''),(' P925 ','2022-09-29 00:00:00',10,133100.00,1,1,1,''),(' P926 ','2022-09-29 00:00:00',53,60000.00,2,1,1,''),(' P927 ','2022-09-29 00:00:00',13,169400.00,1,1,1,''),(' P928 ','2022-09-29 00:00:00',20,54450.00,2,1,1,''),(' P929 ','2022-09-29 00:00:00',21,151250.00,1,1,1,''),(' P93 ','2022-01-31 00:00:00',53,10000.00,1,1,1,''),(' P930 ','2022-09-29 00:00:00',11,29040.00,2,1,1,''),(' P931 ','2022-09-29 00:00:00',8,181500.00,1,1,1,''),(' P932 ','2022-09-29 00:00:00',26,108900.00,3,1,1,''),(' P933 ','2022-09-29 00:00:00',7,72600.00,1,1,1,''),(' P934 ','2022-09-29 00:00:00',5,242000.00,2,1,1,''),(' P935 ','2022-09-29 00:00:00',10,121000.00,1,1,1,''),(' P936 ','2022-09-29 00:00:00',53,62450.52,2,1,1,''),(' P937 ','2022-09-30 00:00:00',25,81070.00,1,1,1,''),(' P938 ','2022-09-30 00:00:00',27,44770.00,2,1,1,''),(' P939 ','2022-09-30 00:00:00',29,84700.00,1,1,1,''),(' P94 ','2022-01-31 00:00:00',53,18000.00,2,1,1,''),(' P940 ','2022-09-30 00:00:00',11,42350.00,2,1,1,''),(' P941 ','2022-09-30 00:00:00',13,169400.00,1,1,1,''),(' P942 ','2022-09-30 00:00:00',20,54450.00,2,1,1,''),(' P943 ','2022-09-30 00:00:00',21,151250.00,1,1,1,''),(' P944 ','2022-09-30 00:00:00',11,29040.00,2,1,1,''),(' P945 ','2022-09-30 00:00:00',22,24200.00,1,1,1,''),(' P946 ','2022-09-30 00:00:00',34,72600.00,2,1,1,''),(' P947 ','2022-09-30 00:00:00',35,242000.00,1,1,1,''),(' P948 ','2022-09-30 00:00:00',51,1512000.00,2,2,2,''),(' P949 ','2022-09-30 00:00:00',51,1050000.00,1,2,2,''),(' P95 ','2022-01-31 00:00:00',53,25000.00,1,1,1,''),(' P950 ','2022-09-30 00:00:00',8,181500.00,3,1,1,''),(' P951 ','2022-09-30 00:00:00',26,108900.00,1,1,1,''),(' P952 ','2022-09-30 00:00:00',7,72600.00,2,1,1,''),(' P953 ','2022-09-30 00:00:00',5,242000.00,1,1,1,''),(' P954 ','2022-09-30 00:00:00',53,106200.00,2,1,1,''),(' P955 ','2022-09-30 00:00:00',53,175000.00,2,1,1,''),(' P956 ','2022-09-30 00:00:00',53,9743.76,1,1,1,''),(' P957 ','2022-09-30 00:00:00',53,22500.00,2,2,2,''),(' P958 ','2022-09-30 00:00:00',53,27228.04,1,1,1,''),(' P959 ','2022-09-30 00:00:00',53,1868.88,2,1,1,''),(' P96 ','2022-01-31 00:00:00',53,25000.00,2,1,1,''),(' P960 ','2022-09-30 00:00:00',53,6000.00,1,1,1,''),(' P961 ','2022-09-30 00:00:00',53,20000.00,2,1,1,''),(' P962 ','2022-09-30 00:00:00',53,30000.00,2,1,1,''),(' P963 ','2022-09-30 00:00:00',53,108591.97,1,1,1,''),(' P964 ','2022-09-30 00:00:00',53,14750.00,2,1,1,''),(' P965 ','2022-09-30 00:00:00',53,17320.66,1,1,1,''),(' P966 ','2022-09-30 00:00:00',53,7230.33,2,1,1,''),(' P967 ','2022-09-30 00:00:00',53,200000.00,1,1,1,''),(' P968 ','2022-09-30 00:00:00',53,9501.37,2,1,1,''),(' P969 ','2022-09-30 00:00:00',53,20000.00,1,1,1,''),(' P97 ','2022-01-31 00:00:00',53,30000.00,1,1,1,''),(' P970 ','2022-09-30 00:00:00',25,81070.00,2,1,1,''),(' P971 ','2022-09-30 00:00:00',27,44770.00,1,1,1,''),(' P972 ','2022-09-30 00:00:00',29,84700.00,2,1,1,''),(' P973 ','2022-09-30 00:00:00',11,42350.00,1,1,1,''),(' P974 ','2022-09-30 00:00:00',53,28500.00,2,1,1,''),(' P975 ','2022-09-30 00:00:00',20,54450.00,1,1,1,''),(' P976 ','2022-09-30 00:00:00',21,151250.00,2,1,1,''),(' P977 ','2022-09-30 00:00:00',11,29040.00,1,1,1,''),(' P978 ','2022-09-30 00:00:00',22,24200.00,2,1,1,''),(' P979 ','2022-09-30 00:00:00',53,20000.00,2,1,1,''),(' P98 ','2022-01-31 00:00:00',53,30000.00,2,1,1,''),(' P980 ','2022-09-30 00:00:00',53,39265.62,1,1,1,''),(' P981 ','2022-09-30 00:00:00',34,72600.00,2,1,1,''),(' P982 ','2022-09-30 00:00:00',35,242000.00,2,1,1,''),(' P983 ','2022-10-11 00:00:00',53,3000.00,2,1,1,''),(' P984 ','2022-10-11 00:00:00',53,14000.00,1,1,1,''),(' P985 ','2022-10-11 00:00:00',53,3600.00,2,1,1,''),(' P986 ','2022-10-11 00:00:00',53,250000.00,2,1,1,''),(' P987 ','2022-10-11 00:00:00',53,175000.00,1,1,1,''),(' P988 ','2022-10-11 00:00:00',53,126000.00,2,1,1,''),(' P989 ','2022-10-11 00:00:00',53,105000.00,2,1,1,''),(' P99 ','2022-01-31 00:00:00',53,10000.00,1,1,1,''),(' P990 ','2022-10-11 00:00:00',53,95000.00,2,1,1,''),(' P991 ','2022-10-11 00:00:00',53,81000.00,1,1,1,''),(' P992 ','2022-10-11 00:00:00',53,75000.00,2,1,1,''),(' P993 ','2022-10-11 00:00:00',53,81000.00,2,1,1,''),(' P994 ','2022-10-11 00:00:00',53,81000.00,2,1,1,''),(' P995 ','2022-10-11 00:00:00',53,81900.00,1,1,1,''),(' P996 ','2022-10-11 00:00:00',53,90000.00,2,1,1,''),(' P997 ','2022-10-11 00:00:00',53,51750.00,2,1,1,''),(' P998 ','2022-10-11 00:00:00',53,51750.00,2,1,1,''),(' P999 ','2022-10-11 00:00:00',53,111000.00,2,1,1,'');
/*!40000 ALTER TABLE `pagos` ENABLE KEYS */;
UNLOCK TABLES;

--
-- Table structure for table `proveedores`
--

DROP TABLE IF EXISTS `proveedores`;
/*!40101 SET @saved_cs_client     = @@character_set_client */;
/*!50503 SET character_set_client = utf8mb4 */;
CREATE TABLE `proveedores` (
  `Id_Proveedor` int NOT NULL AUTO_INCREMENT,
  `Nombre` tinytext NOT NULL,
  `CUIT` varchar(20) NOT NULL,
  PRIMARY KEY (`Id_Proveedor`)
) ENGINE=InnoDB AUTO_INCREMENT=62 DEFAULT CHARSET=utf8mb4 COLLATE=utf8mb4_0900_ai_ci;
/*!40101 SET character_set_client = @saved_cs_client */;

--
-- Dumping data for table `proveedores`
--

LOCK TABLES `proveedores` WRITE;
/*!40000 ALTER TABLE `proveedores` DISABLE KEYS */;
INSERT INTO `proveedores` VALUES (1,'Rhys Spellsworth','20200000003'),(2,'Magda Halsall','20200000004'),(3,'Cornelia Coda','20200000005'),(4,'Sarita Leggett','20200000006'),(5,'Julina McCready','20200000007'),(6,'Vivienne Pigott','20200000008'),(7,'Tomi Shayes','20200000009'),(8,'Dana Wearden','20200000010'),(9,'Chaim Shuttleworth','20200000011'),(10,'Mercy Nardi','20200000012'),(11,'Ximenes Hartus','20200000013'),(12,'Danie Thoma','20200000014'),(13,'Kayla Trenbey','20200000015'),(14,'Marget Lavender','20200000016'),(15,'Jill Cracoe','20200000017'),(16,'Jon Joly','20200000018'),(17,'Lucila Duncanson','20200000019'),(18,'Kelwin Nequest','20200000020'),(19,'Lloyd Collington','20200000021'),(20,'Dominique Elloway','20200000022'),(21,'Maddie Guess','20200000023'),(22,'Vin Sinnett','20200000024'),(23,'Hyman Matthai','20200000025'),(24,'Harriott Birdwhistle','20200000026'),(25,'Darryl Gasken','20200000027'),(26,'Ingeberg Lydon','20200000028'),(27,'Isa Francais','20200000029'),(28,'Beatrisa Cardno','20200000030'),(29,'Paula Konneke','20200000031'),(30,'Jo-anne Robinette','20200000032'),(31,'Cecil Seeborne','20200000033'),(32,'Christie Zmitruk','20200000034'),(33,'Corabelle Drinkhall','20200000035'),(34,'Andros Goricke','20200000036'),(35,'Leesa Van Giffen','20200000037'),(36,'Caddric Foltin','20200000038'),(37,'Lesya Kielt','20200000039'),(38,'Amandie Whellans','20200000040'),(39,'Gregorius Durtnel','20200000041'),(40,'Noelyn Skrine','20200000042'),(41,'Cybill Edelmann','20200000043'),(42,'Evangelia Latan','20200000044'),(43,'Goldia Skin','20200000045'),(44,'Antonie Greenless','20200000046'),(45,'Vinny Wallbridge','20200000047'),(46,'Lilith Lotwich','20200000048'),(47,'Deb Lidstone','20200000049'),(48,'Nikos Maxted','20200000050'),(49,'Maryjane Gallemore','20200000051'),(50,'Isahella Hanscom','20200000052'),(51,'Proveedora eventos','20200000053'),(52,'Proveedora producciones','20200000054'),(53,'Varios','20200000055');
/*!40000 ALTER TABLE `proveedores` ENABLE KEYS */;
UNLOCK TABLES;

--
-- Table structure for table `retiros`
--

DROP TABLE IF EXISTS `retiros`;
/*!40101 SET @saved_cs_client     = @@character_set_client */;
/*!50503 SET character_set_client = utf8mb4 */;
CREATE TABLE `retiros` (
  `Id_Retiro` int NOT NULL AUTO_INCREMENT,
  `Fecha` datetime NOT NULL,
  `Monto` decimal(20,2) NOT NULL,
  `Id_Medio` int NOT NULL,
  `Id_unidad_de_negocio` int NOT NULL,
  `Id_Caja` int NOT NULL,
  PRIMARY KEY (`Id_Retiro`),
  KEY `Id_Medio` (`Id_Medio`),
  KEY `Id_unidad_de_negocio` (`Id_unidad_de_negocio`),
  KEY `Id_Caja` (`Id_Caja`),
  CONSTRAINT `retiros_ibfk_1` FOREIGN KEY (`Id_Medio`) REFERENCES `mediode_pago_cobro` (`Id_Medio`),
  CONSTRAINT `retiros_ibfk_2` FOREIGN KEY (`Id_unidad_de_negocio`) REFERENCES `unidad_de_negocio` (`Id_unidad_de_negocio`),
  CONSTRAINT `retiros_ibfk_3` FOREIGN KEY (`Id_Caja`) REFERENCES `caja` (`Id_Caja`)
) ENGINE=InnoDB AUTO_INCREMENT=65 DEFAULT CHARSET=utf8mb4 COLLATE=utf8mb4_0900_ai_ci;
/*!40101 SET character_set_client = @saved_cs_client */;

--
-- Dumping data for table `retiros`
--

LOCK TABLES `retiros` WRITE;
/*!40000 ALTER TABLE `retiros` DISABLE KEYS */;
INSERT INTO `retiros` VALUES (1,'2022-01-10 00:00:00',10000.00,1,1,1),(2,'2022-01-14 00:00:00',15000.00,2,1,1),(3,'2022-01-15 00:00:00',36000.00,1,1,1),(4,'2022-02-25 00:00:00',20000.00,2,2,2),(5,'2022-01-31 00:00:00',15000.00,1,1,1),(6,'2022-01-31 00:00:00',39000.00,2,1,1),(7,'2022-02-05 00:00:00',115000.00,1,1,1),(8,'2022-02-10 00:00:00',120000.00,2,2,2),(9,'2022-02-15 00:00:00',10000.00,1,1,1),(10,'2022-02-16 00:00:00',15000.00,2,1,1),(11,'2022-02-22 00:00:00',36000.00,1,2,2),(12,'2022-02-28 00:00:00',72000.00,2,1,1),(13,'2022-03-10 00:00:00',27000.00,1,1,1),(14,'2022-03-12 00:00:00',63000.00,2,2,2),(15,'2022-03-15 00:00:00',84000.00,1,1,1),(16,'2022-03-19 00:00:00',120000.00,2,1,1),(17,'2022-03-21 00:00:00',75000.00,1,2,2),(18,'2022-03-25 00:00:00',111000.00,2,1,1),(19,'2022-03-28 00:00:00',132000.00,1,1,1),(20,'2022-04-01 00:00:00',10000.00,2,2,2),(21,'2022-04-11 00:00:00',15000.00,1,1,1),(22,'2022-04-26 00:00:00',36000.00,2,1,1),(23,'2022-04-28 00:00:00',20000.00,1,2,2),(24,'2022-05-01 00:00:00',15000.00,2,1,1),(25,'2022-05-02 00:00:00',39000.00,1,1,1),(26,'2022-05-04 00:00:00',115000.00,2,2,2),(27,'2022-05-04 00:00:00',120000.00,1,1,1),(28,'2022-05-05 00:00:00',10000.00,2,1,1),(29,'2022-05-07 00:00:00',15000.00,1,2,2),(30,'2022-05-10 00:00:00',36000.00,2,1,1),(31,'2022-05-14 00:00:00',72000.00,1,1,1),(32,'2022-05-19 00:00:00',27000.00,2,2,2),(33,'2022-05-25 00:00:00',63000.00,1,1,1),(34,'2022-05-27 00:00:00',84000.00,2,1,1),(35,'2022-05-29 00:00:00',120000.00,1,2,2),(36,'2022-06-01 00:00:00',75000.00,2,1,1),(37,'2022-06-05 00:00:00',111000.00,1,1,1),(38,'2022-06-09 00:00:00',132000.00,2,2,2),(39,'2022-06-14 00:00:00',24000.00,1,1,1),(40,'2022-06-16 00:00:00',29000.00,2,1,1),(41,'2022-06-19 00:00:00',50000.00,1,2,2),(42,'2022-06-24 00:00:00',34000.00,2,1,1),(43,'2022-07-08 00:00:00',29000.00,1,1,1),(44,'2022-07-15 00:00:00',53000.00,2,2,2),(45,'2022-08-14 00:00:00',129000.00,1,1,1),(46,'2022-08-24 00:00:00',134000.00,2,1,1),(47,'2022-08-26 00:00:00',24000.00,1,2,2),(48,'2022-08-27 00:00:00',38000.00,2,1,1),(49,'2022-08-31 00:00:00',43000.00,1,1,1),(50,'2022-09-04 00:00:00',64000.00,2,2,2),(51,'2022-09-19 00:00:00',48000.00,1,1,1),(52,'2022-09-22 00:00:00',43000.00,2,1,1),(53,'2022-09-26 00:00:00',67000.00,1,2,2),(54,'2022-10-01 00:00:00',143000.00,2,1,1),(55,'2022-10-06 00:00:00',148000.00,1,1,1),(56,'2022-10-13 00:00:00',38000.00,2,2,2),(57,'2022-10-23 00:00:00',155000.00,1,1,1),(58,'2022-10-26 00:00:00',25000.00,2,1,1),(59,'2022-11-02 00:00:00',30000.00,1,2,2),(60,'2022-11-12 00:00:00',140000.00,2,1,1),(61,'2022-11-27 00:00:00',115000.00,1,1,1),(62,'2022-12-12 00:00:00',70000.00,2,2,2),(63,'2022-12-18 00:00:00',50000.00,1,1,1),(64,'2022-12-23 00:00:00',30000.00,2,1,1);
/*!40000 ALTER TABLE `retiros` ENABLE KEYS */;
UNLOCK TABLES;

--
-- Temporary view structure for view `saldos_cliente`
--

DROP TABLE IF EXISTS `saldos_cliente`;
/*!50001 DROP VIEW IF EXISTS `saldos_cliente`*/;
SET @saved_cs_client     = @@character_set_client;
/*!50503 SET character_set_client = utf8mb4 */;
/*!50001 CREATE VIEW `saldos_cliente` AS SELECT 
 1 AS `id_cliente`,
 1 AS `saldo`*/;
SET character_set_client = @saved_cs_client;

--
-- Temporary view structure for view `saldotecnico`
--

DROP TABLE IF EXISTS `saldotecnico`;
/*!50001 DROP VIEW IF EXISTS `saldotecnico`*/;
SET @saved_cs_client     = @@character_set_client;
/*!50503 SET character_set_client = utf8mb4 */;
/*!50001 CREATE VIEW `saldotecnico` AS SELECT 
 1 AS `SALDO_TECNICO_IVA`*/;
SET character_set_client = @saved_cs_client;

--
-- Table structure for table `tipo_de_factura`
--

DROP TABLE IF EXISTS `tipo_de_factura`;
/*!40101 SET @saved_cs_client     = @@character_set_client */;
/*!50503 SET character_set_client = utf8mb4 */;
CREATE TABLE `tipo_de_factura` (
  `Id_Factura` int NOT NULL AUTO_INCREMENT,
  `Condicion` tinytext NOT NULL,
  PRIMARY KEY (`Id_Factura`)
) ENGINE=InnoDB AUTO_INCREMENT=5 DEFAULT CHARSET=utf8mb4 COLLATE=utf8mb4_0900_ai_ci;
/*!40101 SET character_set_client = @saved_cs_client */;

--
-- Dumping data for table `tipo_de_factura`
--

LOCK TABLES `tipo_de_factura` WRITE;
/*!40000 ALTER TABLE `tipo_de_factura` DISABLE KEYS */;
INSERT INTO `tipo_de_factura` VALUES (1,'Responsable Inscripto'),(2,'Monotributista'),(3,'Consumidor final'),(4,'Exento');
/*!40000 ALTER TABLE `tipo_de_factura` ENABLE KEYS */;
UNLOCK TABLES;

--
-- Table structure for table `tipo_de_gasto`
--

DROP TABLE IF EXISTS `tipo_de_gasto`;
/*!40101 SET @saved_cs_client     = @@character_set_client */;
/*!50503 SET character_set_client = utf8mb4 */;
CREATE TABLE `tipo_de_gasto` (
  `Id_Tipo_gasto` int NOT NULL AUTO_INCREMENT,
  `Tipo` tinytext NOT NULL,
  PRIMARY KEY (`Id_Tipo_gasto`)
) ENGINE=InnoDB AUTO_INCREMENT=64 DEFAULT CHARSET=utf8mb4 COLLATE=utf8mb4_0900_ai_ci;
/*!40101 SET character_set_client = @saved_cs_client */;

--
-- Dumping data for table `tipo_de_gasto`
--

LOCK TABLES `tipo_de_gasto` WRITE;
/*!40000 ALTER TABLE `tipo_de_gasto` DISABLE KEYS */;
INSERT INTO `tipo_de_gasto` VALUES (1,'ADICAPIF'),(2,'BEBIDAS'),(3,'ALQUILERES'),(4,'AUTNOMOS'),(5,'AYSAM'),(6,'BANCO'),(7,'BAOS'),(8,'COMIDA'),(9,'COMISIONES'),(10,'DECORACION'),(11,'DJ'),(12,'ECOGAS'),(13,'EDEMSA'),(14,'EDICIONES'),(15,'F.931'),(16,'FACEBOOK'),(17,'FINANCIEROS'),(18,'FLETES'),(19,'FORMACIN'),(20,'GOOGLE'),(21,'HIELO'),(22,'HONORARIOS'),(23,'IIBB'),(24,'IIGG'),(25,'IMPRESIONES'),(26,'INSUMOS EVENTOS'),(27,'INVERSIONES'),(28,'IVA'),(29,'LIMPIEZA'),(30,'MARKETING'),(31,'MEDIOS'),(32,'MONOTRIBUTO'),(33,'PASAJES Y VITICOS'),(34,'PERSONAL'),(35,'PRODUCCIONES'),(36,'PROMOTORAS'),(37,'SADAIC'),(38,'SALARIOS'),(39,'SEGURIDAD'),(40,'SEGUROS'),(41,'SERVICIOS'),(42,'SOFTWARE'),(43,'TASAS MUNICIPALES'),(44,'VARIOS'),(45,'VIATICOS'),(46,'VIDEOS/FOTOS'),(47,'IMPUESTOS'),(48,'CADETE'),(49,'LINKEDIN'),(57,'Nafta');
/*!40000 ALTER TABLE `tipo_de_gasto` ENABLE KEYS */;
UNLOCK TABLES;
/*!50003 SET @saved_cs_client      = @@character_set_client */ ;
/*!50003 SET @saved_cs_results     = @@character_set_results */ ;
/*!50003 SET @saved_col_connection = @@collation_connection */ ;
/*!50003 SET character_set_client  = utf8mb4 */ ;
/*!50003 SET character_set_results = utf8mb4 */ ;
/*!50003 SET collation_connection  = utf8mb4_0900_ai_ci */ ;
/*!50003 SET @saved_sql_mode       = @@sql_mode */ ;
/*!50003 SET sql_mode              = 'ONLY_FULL_GROUP_BY,STRICT_TRANS_TABLES,NO_ZERO_IN_DATE,NO_ZERO_DATE,ERROR_FOR_DIVISION_BY_ZERO,NO_ENGINE_SUBSTITUTION' */ ;
DELIMITER ;;
/*!50003 CREATE*/ /*!50017 DEFINER=`root`@`localhost`*/ /*!50003 TRIGGER `Insertar_datos` AFTER INSERT ON `tipo_de_gasto` FOR EACH ROW INSERT INTO tr_auditoria(Id,Accion,Tipo,FECHA,HORA,USUSARIO) VALUES (NULL,'INSERT',NEW.Tipo,current_date(),current_time(),system_user()) */;;
DELIMITER ;
/*!50003 SET sql_mode              = @saved_sql_mode */ ;
/*!50003 SET character_set_client  = @saved_cs_client */ ;
/*!50003 SET character_set_results = @saved_cs_results */ ;
/*!50003 SET collation_connection  = @saved_col_connection */ ;
/*!50003 SET @saved_cs_client      = @@character_set_client */ ;
/*!50003 SET @saved_cs_results     = @@character_set_results */ ;
/*!50003 SET @saved_col_connection = @@collation_connection */ ;
/*!50003 SET character_set_client  = utf8mb4 */ ;
/*!50003 SET character_set_results = utf8mb4 */ ;
/*!50003 SET collation_connection  = utf8mb4_0900_ai_ci */ ;
/*!50003 SET @saved_sql_mode       = @@sql_mode */ ;
/*!50003 SET sql_mode              = 'ONLY_FULL_GROUP_BY,STRICT_TRANS_TABLES,NO_ZERO_IN_DATE,NO_ZERO_DATE,ERROR_FOR_DIVISION_BY_ZERO,NO_ENGINE_SUBSTITUTION' */ ;
DELIMITER ;;
/*!50003 CREATE*/ /*!50017 DEFINER=`root`@`localhost`*/ /*!50003 TRIGGER `Eliminar_datos` BEFORE DELETE ON `tipo_de_gasto` FOR EACH ROW INSERT INTO tr_auditoria(Id,Accion,Tipo,FECHA,HORA,USUSARIO) VALUES (NULL,'DELETE',OLD.Tipo,current_date(),current_time(),system_user()) */;;
DELIMITER ;
/*!50003 SET sql_mode              = @saved_sql_mode */ ;
/*!50003 SET character_set_client  = @saved_cs_client */ ;
/*!50003 SET character_set_results = @saved_cs_results */ ;
/*!50003 SET collation_connection  = @saved_col_connection */ ;

--
-- Table structure for table `tipo_de_venta`
--

DROP TABLE IF EXISTS `tipo_de_venta`;
/*!40101 SET @saved_cs_client     = @@character_set_client */;
/*!50503 SET character_set_client = utf8mb4 */;
CREATE TABLE `tipo_de_venta` (
  `Id_Tipo_de_venta` int NOT NULL AUTO_INCREMENT,
  `Tipo` tinytext NOT NULL,
  PRIMARY KEY (`Id_Tipo_de_venta`)
) ENGINE=InnoDB AUTO_INCREMENT=5 DEFAULT CHARSET=utf8mb4 COLLATE=utf8mb4_0900_ai_ci;
/*!40101 SET character_set_client = @saved_cs_client */;

--
-- Dumping data for table `tipo_de_venta`
--

LOCK TABLES `tipo_de_venta` WRITE;
/*!40000 ALTER TABLE `tipo_de_venta` DISABLE KEYS */;
INSERT INTO `tipo_de_venta` VALUES (1,'Campaa'),(2,'Fees'),(3,'Evento'),(4,'Produccion');
/*!40000 ALTER TABLE `tipo_de_venta` ENABLE KEYS */;
UNLOCK TABLES;

--
-- Table structure for table `tr_auditoria`
--

DROP TABLE IF EXISTS `tr_auditoria`;
/*!40101 SET @saved_cs_client     = @@character_set_client */;
/*!50503 SET character_set_client = utf8mb4 */;
CREATE TABLE `tr_auditoria` (
  `Id` int NOT NULL AUTO_INCREMENT,
  `Accion` varchar(30) DEFAULT NULL,
  `Tipo` tinytext,
  `Fecha` date DEFAULT NULL,
  `HORA` time DEFAULT NULL,
  `USUSARIO` varchar(30) DEFAULT NULL,
  PRIMARY KEY (`Id`)
) ENGINE=InnoDB AUTO_INCREMENT=3 DEFAULT CHARSET=utf8mb4 COLLATE=utf8mb4_0900_ai_ci;
/*!40101 SET character_set_client = @saved_cs_client */;

--
-- Dumping data for table `tr_auditoria`
--

LOCK TABLES `tr_auditoria` WRITE;
/*!40000 ALTER TABLE `tr_auditoria` DISABLE KEYS */;
INSERT INTO `tr_auditoria` VALUES (1,'INSERT','LIBRERIA','2023-04-07','21:41:32','root@localhost'),(2,'DELETE','LIBRERIA','2023-04-07','21:44:21','root@localhost');
/*!40000 ALTER TABLE `tr_auditoria` ENABLE KEYS */;
UNLOCK TABLES;

--
-- Table structure for table `unidad_de_negocio`
--

DROP TABLE IF EXISTS `unidad_de_negocio`;
/*!40101 SET @saved_cs_client     = @@character_set_client */;
/*!50503 SET character_set_client = utf8mb4 */;
CREATE TABLE `unidad_de_negocio` (
  `Id_unidad_de_negocio` int NOT NULL AUTO_INCREMENT,
  `Nombre` tinytext NOT NULL,
  PRIMARY KEY (`Id_unidad_de_negocio`)
) ENGINE=InnoDB AUTO_INCREMENT=3 DEFAULT CHARSET=utf8mb4 COLLATE=utf8mb4_0900_ai_ci;
/*!40101 SET character_set_client = @saved_cs_client */;

--
-- Dumping data for table `unidad_de_negocio`
--

LOCK TABLES `unidad_de_negocio` WRITE;
/*!40000 ALTER TABLE `unidad_de_negocio` DISABLE KEYS */;
INSERT INTO `unidad_de_negocio` VALUES (1,'Publicidad'),(2,'Evento');
/*!40000 ALTER TABLE `unidad_de_negocio` ENABLE KEYS */;
UNLOCK TABLES;

--
-- Table structure for table `ventas`
--

DROP TABLE IF EXISTS `ventas`;
/*!40101 SET @saved_cs_client     = @@character_set_client */;
/*!50503 SET character_set_client = utf8mb4 */;
CREATE TABLE `ventas` (
  `Id_Venta` int NOT NULL AUTO_INCREMENT,
  `Fecha` datetime NOT NULL,
  `Id_unidad_de_negocio` int NOT NULL,
  `Id_Cliente` int NOT NULL,
  `Id_Tipo_de_venta` int NOT NULL,
  `Monto` decimal(20,2) NOT NULL,
  `Id_Factura` int NOT NULL,
  `Total` decimal(20,2) NOT NULL,
  `Id_comercial` int NOT NULL,
  PRIMARY KEY (`Id_Venta`),
  KEY `Id_unidad_de_negocio` (`Id_unidad_de_negocio`),
  KEY `Id_Cliente` (`Id_Cliente`),
  KEY `Id_Tipo_de_venta` (`Id_Tipo_de_venta`),
  KEY `Id_Factura` (`Id_Factura`),
  KEY `Id_comercial` (`Id_comercial`),
  CONSTRAINT `Id_comercial` FOREIGN KEY (`Id_comercial`) REFERENCES `comercial` (`Id_Comercial`),
  CONSTRAINT `ventas_ibfk_1` FOREIGN KEY (`Id_unidad_de_negocio`) REFERENCES `unidad_de_negocio` (`Id_unidad_de_negocio`),
  CONSTRAINT `ventas_ibfk_2` FOREIGN KEY (`Id_Cliente`) REFERENCES `clientes` (`Id_Cliente`),
  CONSTRAINT `ventas_ibfk_3` FOREIGN KEY (`Id_Tipo_de_venta`) REFERENCES `tipo_de_venta` (`Id_Tipo_de_venta`),
  CONSTRAINT `ventas_ibfk_4` FOREIGN KEY (`Id_Factura`) REFERENCES `tipo_de_factura` (`Id_Factura`)
) ENGINE=InnoDB AUTO_INCREMENT=368 DEFAULT CHARSET=utf8mb4 COLLATE=utf8mb4_0900_ai_ci;
/*!40101 SET character_set_client = @saved_cs_client */;

--
-- Dumping data for table `ventas`
--

LOCK TABLES `ventas` WRITE;
/*!40000 ALTER TABLE `ventas` DISABLE KEYS */;
INSERT INTO `ventas` VALUES (1,'2021-12-31 00:00:00',1,1,2,50000.00,1,60500.00,1),(2,'2021-12-31 00:00:00',1,2,2,50000.00,1,60500.00,2),(3,'2022-01-14 00:00:00',1,1,2,50000.00,1,60500.00,3),(4,'2022-01-14 00:00:00',1,2,2,50000.00,1,60500.00,4),(5,'2022-01-14 00:00:00',1,3,2,55000.00,1,66550.00,5),(6,'2022-01-14 00:00:00',1,4,2,35000.00,1,42350.00,6),(7,'2022-01-14 00:00:00',1,5,2,60000.00,1,72600.00,7),(8,'2022-01-14 00:00:00',1,6,2,70000.00,1,84700.00,8),(9,'2022-01-14 00:00:00',1,7,2,50000.00,1,60500.00,9),(10,'2022-01-14 00:00:00',1,8,2,55000.00,1,66550.00,10),(11,'2022-01-14 00:00:00',1,9,2,80000.00,1,96800.00,1),(12,'2022-01-14 00:00:00',1,10,2,35000.00,1,42350.00,2),(13,'2022-01-14 00:00:00',1,11,2,60000.00,1,72600.00,3),(14,'2022-01-14 00:00:00',1,12,2,25000.00,1,30250.00,4),(15,'2022-01-14 00:00:00',1,13,2,35000.00,1,42350.00,5),(16,'2022-01-14 00:00:00',1,14,2,40000.00,1,48400.00,6),(17,'2022-01-14 00:00:00',1,10,1,165000.00,1,199650.00,7),(18,'2022-01-14 00:00:00',1,11,1,120000.00,1,145200.00,8),(19,'2022-01-25 00:00:00',1,19,1,150000.00,1,181500.00,9),(20,'2022-01-25 00:00:00',1,20,1,150000.00,1,181500.00,10),(21,'2022-01-25 00:00:00',1,21,1,200000.00,1,242000.00,1),(22,'2022-01-25 00:00:00',1,22,1,210000.00,4,254100.00,2),(23,'2022-01-25 00:00:00',1,23,1,300000.00,2,300000.00,3),(24,'2022-01-25 00:00:00',1,24,1,575000.00,2,575000.00,4),(25,'2022-01-28 00:00:00',1,25,1,450000.00,2,450000.00,5),(26,'2022-01-28 00:00:00',1,26,1,600000.00,2,600000.00,6),(27,'2022-01-28 00:00:00',1,27,1,420000.00,1,508200.00,7),(28,'2022-01-28 00:00:00',1,28,1,320000.00,1,387200.00,8),(29,'2022-01-28 00:00:00',1,29,1,410000.00,1,496100.00,9),(30,'2022-01-28 00:00:00',1,30,1,210000.00,1,254100.00,10),(31,'2022-01-28 00:00:00',1,31,1,150000.00,1,181500.00,1),(32,'2022-01-31 00:00:00',1,32,1,200000.00,4,242000.00,2),(33,'2022-02-01 00:00:00',1,1,2,50000.00,1,60500.00,3),(34,'2022-02-07 00:00:00',1,34,1,250000.00,4,302500.00,4),(35,'2022-02-08 00:00:00',1,2,2,50000.00,1,60500.00,5),(36,'2022-02-08 00:00:00',1,3,2,55000.00,1,66550.00,6),(37,'2022-02-08 00:00:00',1,4,2,35000.00,1,42350.00,7),(38,'2022-02-08 00:00:00',1,5,2,60000.00,1,72600.00,8),(39,'2022-02-08 00:00:00',1,6,2,70000.00,1,84700.00,9),(40,'2022-02-08 00:00:00',1,7,2,50000.00,1,60500.00,10),(41,'2022-02-08 00:00:00',1,8,2,55000.00,1,66550.00,1),(42,'2022-02-08 00:00:00',1,9,2,80000.00,1,96800.00,2),(43,'2022-02-08 00:00:00',1,10,2,35000.00,1,42350.00,3),(44,'2022-02-08 00:00:00',1,11,2,60000.00,1,72600.00,4),(45,'2022-02-08 00:00:00',1,12,2,25000.00,1,30250.00,5),(46,'2022-02-08 00:00:00',1,13,2,35000.00,1,42350.00,6),(47,'2022-02-08 00:00:00',1,48,1,300000.00,1,363000.00,7),(48,'2022-02-08 00:00:00',1,49,1,350000.00,1,423500.00,8),(49,'2022-02-08 00:00:00',1,14,2,40000.00,1,48400.00,9),(50,'2022-02-15 00:00:00',1,2,1,400000.00,1,484000.00,10),(51,'2022-02-15 00:00:00',1,15,2,50000.00,1,60500.00,1),(52,'2022-02-15 00:00:00',1,4,1,200000.00,1,242000.00,2),(53,'2022-02-28 00:00:00',1,5,1,210000.00,1,254100.00,3),(54,'2022-02-28 00:00:00',1,6,1,130000.00,1,157300.00,4),(55,'2022-02-28 00:00:00',1,7,1,575000.00,1,695750.00,5),(56,'2022-02-28 00:00:00',1,8,1,450000.00,1,544500.00,6),(57,'2022-02-28 00:00:00',1,9,1,120000.00,1,145200.00,7),(58,'2022-02-28 00:00:00',1,10,1,300000.00,1,363000.00,8),(59,'2022-02-28 00:00:00',1,11,1,200000.00,1,242000.00,9),(60,'2022-02-28 00:00:00',1,12,1,150000.00,1,181500.00,10),(61,'2022-02-28 00:00:00',2,13,3,1520000.00,1,1839200.00,1),(62,'2022-03-01 00:00:00',1,1,2,60000.00,1,72600.00,2),(63,'2022-03-04 00:00:00',1,15,1,140000.00,1,169400.00,3),(64,'2022-03-09 00:00:00',1,16,1,350000.00,2,350000.00,4),(65,'2022-03-14 00:00:00',1,2,2,60000.00,1,72600.00,5),(66,'2022-03-14 00:00:00',1,3,2,66000.00,1,79860.00,6),(67,'2022-03-14 00:00:00',1,4,2,42000.00,1,50820.00,7),(68,'2022-03-14 00:00:00',1,5,2,72000.00,1,87120.00,8),(69,'2022-03-14 00:00:00',1,6,2,84000.00,1,101640.00,9),(70,'2022-03-14 00:00:00',1,7,2,60000.00,1,72600.00,10),(71,'2022-03-14 00:00:00',1,8,2,66000.00,1,79860.00,1),(72,'2022-03-14 00:00:00',1,9,2,96000.00,1,116160.00,2),(73,'2022-03-14 00:00:00',1,10,2,42000.00,1,50820.00,3),(74,'2022-03-14 00:00:00',1,11,2,72000.00,1,87120.00,4),(75,'2022-03-14 00:00:00',1,12,2,30000.00,1,36300.00,5),(76,'2022-03-14 00:00:00',1,13,2,42000.00,1,50820.00,6),(77,'2022-03-14 00:00:00',1,30,1,300000.00,1,363000.00,7),(78,'2022-03-28 00:00:00',1,31,1,575000.00,1,695750.00,8),(79,'2022-03-28 00:00:00',1,32,1,450000.00,4,544500.00,9),(80,'2022-03-28 00:00:00',1,33,1,600000.00,4,726000.00,10),(81,'2022-03-28 00:00:00',1,34,1,420000.00,4,508200.00,1),(82,'2022-03-28 00:00:00',1,35,1,320000.00,1,387200.00,2),(83,'2022-03-28 00:00:00',1,36,1,410000.00,1,496100.00,3),(84,'2022-03-28 00:00:00',1,37,1,135000.00,1,163350.00,4),(85,'2022-03-28 00:00:00',2,38,4,670000.00,1,810700.00,5),(86,'2022-03-28 00:00:00',2,39,4,980000.00,1,1185800.00,6),(87,'2022-03-28 00:00:00',1,40,1,300000.00,1,363000.00,7),(88,'2022-03-28 00:00:00',1,41,1,575000.00,2,575000.00,8),(89,'2022-03-28 00:00:00',1,42,1,450000.00,2,450000.00,9),(90,'2022-03-29 00:00:00',1,43,1,600000.00,2,600000.00,10),(91,'2022-03-30 00:00:00',1,44,1,420000.00,2,420000.00,1),(92,'2022-03-30 00:00:00',1,45,1,320000.00,2,320000.00,2),(93,'2022-03-30 00:00:00',1,46,1,410000.00,1,496100.00,3),(94,'2022-03-31 00:00:00',1,47,1,210000.00,1,254100.00,4),(95,'2022-04-07 00:00:00',1,1,2,60000.00,1,72600.00,5),(96,'2022-04-07 00:00:00',1,2,2,60000.00,1,72600.00,6),(97,'2022-04-07 00:00:00',1,3,2,66000.00,1,79860.00,7),(98,'2022-04-07 00:00:00',1,4,2,42000.00,1,50820.00,8),(99,'2022-04-07 00:00:00',1,5,2,72000.00,1,87120.00,9),(100,'2022-04-07 00:00:00',1,6,2,84000.00,1,101640.00,10),(101,'2022-04-07 00:00:00',1,7,2,60000.00,1,72600.00,1),(102,'2022-04-07 00:00:00',1,8,2,66000.00,1,79860.00,2),(103,'2022-04-07 00:00:00',1,9,2,96000.00,1,116160.00,3),(104,'2022-04-07 00:00:00',1,10,2,42000.00,1,50820.00,4),(105,'2022-04-07 00:00:00',1,11,2,72000.00,1,87120.00,5),(106,'2022-04-07 00:00:00',1,12,2,30000.00,1,36300.00,6),(107,'2022-04-07 00:00:00',1,13,2,42000.00,1,50820.00,7),(108,'2022-04-07 00:00:00',1,12,1,300000.00,1,363000.00,8),(109,'2022-04-07 00:00:00',1,13,1,575000.00,1,695750.00,9),(110,'2022-04-28 00:00:00',1,14,1,450000.00,1,544500.00,10),(111,'2022-04-29 00:00:00',1,15,1,600000.00,1,726000.00,1),(112,'2022-04-29 00:00:00',1,16,1,420000.00,2,420000.00,2),(113,'2022-04-29 00:00:00',1,17,1,320000.00,1,387200.00,3),(114,'2022-04-29 00:00:00',1,18,1,410000.00,1,496100.00,4),(115,'2022-04-29 00:00:00',1,19,1,210000.00,1,254100.00,5),(116,'2022-04-29 00:00:00',1,20,1,500000.00,1,605000.00,6),(117,'2022-04-29 00:00:00',1,21,1,630000.00,1,762300.00,7),(118,'2022-04-29 00:00:00',1,22,1,400000.00,4,484000.00,8),(119,'2022-04-29 00:00:00',1,23,1,320000.00,2,320000.00,9),(120,'2022-04-30 00:00:00',1,24,1,410000.00,2,410000.00,10),(121,'2022-05-04 00:00:00',1,1,2,60000.00,1,72600.00,1),(122,'2022-05-04 00:00:00',1,2,2,60000.00,1,72600.00,2),(123,'2022-05-04 00:00:00',1,3,2,66000.00,1,79860.00,3),(124,'2022-05-04 00:00:00',1,4,2,42000.00,1,50820.00,4),(125,'2022-05-04 00:00:00',1,5,2,72000.00,1,87120.00,5),(126,'2022-05-04 00:00:00',1,6,2,84000.00,1,101640.00,6),(127,'2022-05-04 00:00:00',1,7,2,60000.00,1,72600.00,7),(128,'2022-05-04 00:00:00',1,8,2,66000.00,1,79860.00,8),(129,'2022-05-04 00:00:00',1,9,2,96000.00,1,116160.00,9),(130,'2022-05-04 00:00:00',1,10,2,42000.00,1,50820.00,10),(131,'2022-05-04 00:00:00',1,11,2,72000.00,1,87120.00,1),(132,'2022-05-04 00:00:00',1,36,1,300000.00,1,363000.00,2),(133,'2022-05-31 00:00:00',1,37,1,730000.00,1,883300.00,3),(134,'2022-05-31 00:00:00',1,38,1,475000.00,1,574750.00,4),(135,'2022-05-31 00:00:00',1,39,1,610000.00,1,738100.00,5),(136,'2022-05-31 00:00:00',1,40,1,436000.00,1,527560.00,6),(137,'2022-05-31 00:00:00',1,41,1,325000.00,2,325000.00,7),(138,'2022-05-31 00:00:00',1,42,1,417000.00,2,417000.00,8),(139,'2022-05-31 00:00:00',1,43,1,265000.00,2,265000.00,9),(140,'2022-05-31 00:00:00',1,44,1,515000.00,2,515000.00,10),(141,'2022-05-31 00:00:00',1,45,1,645000.00,2,645000.00,1),(142,'2022-05-31 00:00:00',1,46,1,412000.00,1,498520.00,2),(143,'2022-06-06 00:00:00',1,1,2,66000.00,1,79860.00,3),(144,'2022-06-06 00:00:00',1,2,2,66000.00,1,79860.00,4),(145,'2022-06-06 00:00:00',1,3,2,72600.00,1,87846.00,5),(146,'2022-06-06 00:00:00',1,4,2,46200.00,1,55902.00,6),(147,'2022-06-06 00:00:00',1,5,2,79200.00,1,95832.00,7),(148,'2022-06-06 00:00:00',1,6,2,92400.00,1,111804.00,8),(149,'2022-06-06 00:00:00',1,7,2,66000.00,1,79860.00,9),(150,'2022-06-06 00:00:00',1,8,2,72600.00,1,87846.00,10),(151,'2022-06-06 00:00:00',1,9,2,105600.00,1,127776.00,1),(152,'2022-06-06 00:00:00',1,10,2,46200.00,1,55902.00,2),(153,'2022-06-06 00:00:00',1,11,2,79200.00,1,95832.00,3),(154,'2022-06-06 00:00:00',1,9,1,300000.00,1,363000.00,4),(155,'2022-06-30 00:00:00',1,10,1,575000.00,1,695750.00,5),(156,'2022-06-30 00:00:00',1,11,1,450000.00,1,544500.00,6),(157,'2022-06-30 00:00:00',1,12,1,600000.00,1,726000.00,7),(158,'2022-06-30 00:00:00',1,13,1,420000.00,1,508200.00,8),(159,'2022-06-30 00:00:00',1,14,1,320000.00,1,387200.00,9),(160,'2022-06-30 00:00:00',1,15,1,410000.00,1,496100.00,10),(161,'2022-06-30 00:00:00',1,16,1,210000.00,2,210000.00,1),(162,'2022-06-30 00:00:00',1,17,1,500000.00,1,605000.00,2),(163,'2022-06-30 00:00:00',2,50,3,1780000.00,3,1780000.00,3),(164,'2022-06-30 00:00:00',1,18,1,400000.00,1,484000.00,4),(165,'2022-06-30 00:00:00',1,19,1,675000.00,1,816750.00,5),(166,'2022-06-30 00:00:00',1,20,1,450000.00,1,544500.00,6),(167,'2022-06-30 00:00:00',1,21,1,600000.00,1,726000.00,7),(168,'2022-06-30 00:00:00',1,22,1,150000.00,4,181500.00,8),(169,'2022-06-30 00:00:00',1,23,1,300000.00,2,300000.00,9),(170,'2022-07-01 00:00:00',1,1,2,66000.00,1,79860.00,10),(171,'2022-07-06 00:00:00',1,2,2,66000.00,1,79860.00,1),(172,'2022-07-06 00:00:00',1,3,2,72600.00,1,87846.00,2),(173,'2022-07-06 00:00:00',1,4,2,46200.00,1,55902.00,3),(174,'2022-07-06 00:00:00',1,5,2,79200.00,1,95832.00,4),(175,'2022-07-06 00:00:00',1,6,2,92400.00,1,111804.00,5),(176,'2022-07-06 00:00:00',1,7,2,66000.00,1,79860.00,6),(177,'2022-07-06 00:00:00',1,8,2,72600.00,1,87846.00,7),(178,'2022-07-06 00:00:00',1,9,2,105600.00,1,127776.00,8),(179,'2022-07-06 00:00:00',1,10,2,46200.00,1,55902.00,9),(180,'2022-07-06 00:00:00',1,11,2,79200.00,1,95832.00,10),(181,'2022-07-06 00:00:00',1,17,2,90000.00,1,108900.00,1),(182,'2022-07-06 00:00:00',1,37,1,400000.00,1,484000.00,2),(183,'2022-07-15 00:00:00',1,38,1,575000.00,1,695750.00,3),(184,'2022-07-15 00:00:00',1,39,1,450000.00,1,544500.00,4),(185,'2022-07-15 00:00:00',1,40,1,600000.00,1,726000.00,5),(186,'2022-07-15 00:00:00',1,41,1,160000.00,2,160000.00,6),(187,'2022-07-15 00:00:00',1,42,1,320000.00,2,320000.00,7),(188,'2022-07-15 00:00:00',1,43,1,435000.00,2,435000.00,8),(189,'2022-07-15 00:00:00',1,44,1,350000.00,2,350000.00,9),(190,'2022-07-15 00:00:00',1,45,1,160000.00,2,160000.00,10),(191,'2022-07-15 00:00:00',1,18,2,90000.00,1,108900.00,1),(192,'2022-07-15 00:00:00',1,19,2,85000.00,1,102850.00,2),(193,'2022-07-15 00:00:00',1,20,2,70000.00,1,84700.00,3),(194,'2022-07-15 00:00:00',2,50,3,2000000.00,3,2000000.00,4),(195,'2022-07-31 00:00:00',1,1,1,435000.00,1,526350.00,5),(196,'2022-07-31 00:00:00',1,2,1,350000.00,1,423500.00,6),(197,'2022-07-31 00:00:00',1,3,1,320000.00,1,387200.00,7),(198,'2022-08-11 00:00:00',1,1,2,66000.00,1,79860.00,8),(199,'2022-08-11 00:00:00',1,2,2,66000.00,1,79860.00,9),(200,'2022-08-11 00:00:00',1,3,2,72600.00,1,87846.00,10),(201,'2022-08-11 00:00:00',1,4,2,46200.00,1,55902.00,1),(202,'2022-08-11 00:00:00',1,5,2,79200.00,1,95832.00,2),(203,'2022-08-11 00:00:00',1,6,2,92400.00,1,111804.00,3),(204,'2022-08-11 00:00:00',1,7,2,66000.00,1,79860.00,4),(205,'2022-08-11 00:00:00',1,8,2,72600.00,1,87846.00,5),(206,'2022-08-11 00:00:00',1,9,2,105600.00,1,127776.00,6),(207,'2022-08-11 00:00:00',1,10,2,46200.00,1,55902.00,7),(208,'2022-08-11 00:00:00',1,11,2,79200.00,1,95832.00,8),(209,'2022-08-11 00:00:00',1,17,2,90000.00,1,108900.00,9),(210,'2022-08-11 00:00:00',1,18,2,90000.00,1,108900.00,10),(211,'2022-08-11 00:00:00',1,19,2,85000.00,1,102850.00,1),(212,'2022-08-11 00:00:00',1,18,1,412000.00,1,498520.00,2),(213,'2022-08-12 00:00:00',1,19,1,580000.00,1,701800.00,3),(214,'2022-08-12 00:00:00',1,20,1,475000.00,1,574750.00,4),(215,'2022-08-12 00:00:00',1,21,1,630000.00,1,762300.00,5),(216,'2022-08-12 00:00:00',1,22,1,160000.00,4,193600.00,6),(217,'2022-08-12 00:00:00',1,23,1,300000.00,2,300000.00,7),(218,'2022-08-12 00:00:00',1,24,1,420000.00,2,420000.00,8),(219,'2022-08-12 00:00:00',1,25,1,320000.00,2,320000.00,9),(220,'2022-08-12 00:00:00',1,26,1,160000.00,2,160000.00,10),(221,'2022-08-12 00:00:00',1,27,1,400000.00,1,484000.00,1),(222,'2022-08-17 00:00:00',1,28,1,575000.00,1,695750.00,2),(223,'2022-08-17 00:00:00',2,50,3,2500000.00,3,2500000.00,3),(224,'2022-08-29 00:00:00',1,30,1,600000.00,1,726000.00,4),(225,'2022-08-29 00:00:00',1,31,1,150000.00,1,181500.00,5),(226,'2022-08-29 00:00:00',2,50,3,1400000.00,3,1400000.00,6),(227,'2022-08-31 00:00:00',2,50,3,1750000.00,3,1750000.00,7),(228,'2022-09-05 00:00:00',1,1,2,320000.00,1,387200.00,8),(229,'2022-09-05 00:00:00',1,2,2,160000.00,1,193600.00,9),(230,'2022-09-05 00:00:00',1,3,2,72600.00,1,87846.00,10),(231,'2022-09-05 00:00:00',1,4,2,46200.00,1,55902.00,1),(232,'2022-09-05 00:00:00',1,5,2,79200.00,1,95832.00,2),(233,'2022-09-05 00:00:00',1,6,2,92400.00,1,111804.00,3),(234,'2022-09-05 00:00:00',1,7,2,66000.00,1,79860.00,4),(235,'2022-09-05 00:00:00',1,8,2,72600.00,1,87846.00,5),(236,'2022-09-05 00:00:00',1,9,2,105600.00,1,127776.00,6),(237,'2022-09-05 00:00:00',1,10,2,46200.00,1,55902.00,7),(238,'2022-09-05 00:00:00',1,11,2,79200.00,1,95832.00,8),(239,'2022-09-05 00:00:00',1,17,2,90000.00,1,108900.00,9),(240,'2022-09-05 00:00:00',1,18,2,90000.00,1,108900.00,10),(241,'2022-09-05 00:00:00',1,47,1,150000.00,1,181500.00,1),(242,'2022-09-27 00:00:00',2,50,3,2100000.00,3,2100000.00,2),(243,'2022-09-27 00:00:00',1,49,1,150000.00,1,181500.00,3),(244,'2022-09-27 00:00:00',1,1,1,300000.00,1,363000.00,4),(245,'2022-09-27 00:00:00',1,2,1,420000.00,1,508200.00,5),(246,'2022-09-27 00:00:00',1,3,1,320000.00,1,387200.00,6),(247,'2022-09-27 00:00:00',1,4,1,160000.00,1,193600.00,7),(248,'2022-09-27 00:00:00',2,50,3,1980000.00,3,1980000.00,8),(249,'2022-09-27 00:00:00',1,6,1,575000.00,1,695750.00,9),(250,'2022-09-29 00:00:00',1,7,1,150000.00,1,181500.00,10),(251,'2022-09-29 00:00:00',1,8,1,300000.00,1,363000.00,1),(252,'2022-09-29 00:00:00',1,9,1,420000.00,1,508200.00,2),(253,'2022-09-29 00:00:00',1,10,1,320000.00,1,387200.00,3),(254,'2022-09-29 00:00:00',1,11,1,160000.00,1,193600.00,4),(255,'2022-09-29 00:00:00',1,12,1,400000.00,1,484000.00,5),(256,'2022-09-29 00:00:00',1,13,1,575000.00,1,695750.00,6),(257,'2022-09-29 00:00:00',1,14,1,150000.00,1,181500.00,7),(258,'2022-09-30 00:00:00',1,15,1,300000.00,1,363000.00,8),(259,'2022-09-30 00:00:00',1,16,1,420000.00,2,420000.00,9),(260,'2022-09-30 00:00:00',1,17,1,320000.00,1,387200.00,10),(261,'2022-09-30 00:00:00',2,50,3,2160000.00,3,2160000.00,1),(262,'2022-09-30 00:00:00',2,50,3,1500000.00,3,1500000.00,2),(263,'2022-09-30 00:00:00',1,18,1,575000.00,1,695750.00,3),(264,'2022-09-30 00:00:00',1,21,1,300000.00,1,363000.00,4),(265,'2022-09-30 00:00:00',1,22,1,420000.00,4,508200.00,5),(266,'2022-09-30 00:00:00',1,23,1,320000.00,2,320000.00,6),(267,'2022-10-11 00:00:00',1,1,2,69960.00,1,84651.60,7),(268,'2022-10-11 00:00:00',1,2,2,69960.00,1,84651.60,8),(269,'2022-10-11 00:00:00',1,3,2,76956.00,1,93116.76,9),(270,'2022-10-11 00:00:00',1,4,2,48972.00,1,59256.12,10),(271,'2022-10-11 00:00:00',1,5,2,83952.00,1,101581.92,1),(272,'2022-10-11 00:00:00',1,6,2,97944.00,1,118512.24,2),(273,'2022-10-11 00:00:00',1,7,2,69960.00,1,84651.60,3),(274,'2022-10-11 00:00:00',1,8,2,76956.00,1,93116.76,4),(275,'2022-10-11 00:00:00',1,9,2,111936.00,1,135442.56,5),(276,'2022-10-11 00:00:00',1,10,2,48972.00,1,59256.12,6),(277,'2022-10-11 00:00:00',1,11,2,83952.00,1,101581.92,7),(278,'2022-10-11 00:00:00',1,17,2,95400.00,1,115434.00,8),(279,'2022-10-11 00:00:00',1,18,2,95400.00,1,115434.00,9),(280,'2022-10-11 00:00:00',1,43,1,400000.00,2,400000.00,10),(281,'2022-10-31 00:00:00',1,44,1,580000.00,2,580000.00,1),(282,'2022-10-31 00:00:00',1,45,1,450000.00,2,450000.00,2),(283,'2022-10-31 00:00:00',1,46,1,600000.00,1,726000.00,3),(284,'2022-10-31 00:00:00',1,47,1,150000.00,1,181500.00,4),(285,'2022-10-31 00:00:00',1,48,1,300000.00,1,363000.00,5),(286,'2022-10-31 00:00:00',1,49,1,420000.00,1,508200.00,6),(287,'2022-10-31 00:00:00',1,34,1,320000.00,4,387200.00,7),(288,'2022-10-31 00:00:00',1,35,1,160000.00,1,193600.00,8),(289,'2022-10-31 00:00:00',1,36,1,400000.00,1,484000.00,9),(290,'2022-10-31 00:00:00',2,50,3,2300000.00,3,2300000.00,10),(291,'2022-10-31 00:00:00',1,38,1,150000.00,1,181500.00,1),(292,'2022-10-31 00:00:00',1,39,1,300000.00,1,363000.00,2),(293,'2022-10-31 00:00:00',1,40,1,420000.00,1,508200.00,3),(294,'2022-10-31 00:00:00',1,41,1,320000.00,2,320000.00,4),(295,'2022-10-31 00:00:00',1,42,1,160000.00,2,160000.00,5),(296,'2022-10-31 00:00:00',1,43,1,400000.00,2,400000.00,6),(297,'2022-11-01 00:00:00',1,1,2,69960.00,1,84651.60,7),(298,'2022-11-07 00:00:00',1,45,1,150000.00,2,150000.00,8),(299,'2022-11-09 00:00:00',1,46,1,300000.00,1,363000.00,9),(300,'2022-11-09 00:00:00',1,47,1,420000.00,1,508200.00,10),(301,'2022-11-09 00:00:00',1,48,1,320000.00,1,387200.00,1),(302,'2022-11-09 00:00:00',1,49,1,160000.00,1,193600.00,2),(303,'2022-11-09 00:00:00',1,1,1,400000.00,1,484000.00,3),(304,'2022-11-10 00:00:00',1,2,2,69960.00,1,84651.60,4),(305,'2022-11-10 00:00:00',1,3,2,76956.00,1,93116.76,5),(306,'2022-11-10 00:00:00',1,4,2,48972.00,1,59256.12,6),(307,'2022-11-10 00:00:00',1,5,2,83952.00,1,101581.92,7),(308,'2022-11-10 00:00:00',1,6,2,97944.00,1,118512.24,8),(309,'2022-11-10 00:00:00',1,7,2,69960.00,1,84651.60,9),(310,'2022-11-10 00:00:00',1,8,2,76956.00,1,93116.76,10),(311,'2022-11-10 00:00:00',1,9,2,111936.00,1,135442.56,1),(312,'2022-11-10 00:00:00',1,10,2,48972.00,1,59256.12,2),(313,'2022-11-10 00:00:00',1,11,2,83952.00,1,101581.92,3),(314,'2022-11-10 00:00:00',1,17,2,95400.00,1,115434.00,4),(315,'2022-11-10 00:00:00',1,18,2,95400.00,1,115434.00,5),(316,'2022-11-10 00:00:00',1,21,2,100000.00,1,121000.00,6),(317,'2022-11-10 00:00:00',1,22,2,100000.00,4,121000.00,7),(318,'2022-11-10 00:00:00',1,40,1,150000.00,1,181500.00,8),(319,'2022-11-29 00:00:00',2,50,3,2600000.00,3,2600000.00,9),(320,'2022-11-29 00:00:00',1,42,1,420000.00,2,420000.00,10),(321,'2022-11-29 00:00:00',1,43,1,320000.00,2,320000.00,1),(322,'2022-11-29 00:00:00',1,44,1,160000.00,2,160000.00,2),(323,'2022-11-29 00:00:00',1,45,1,400000.00,2,400000.00,3),(324,'2022-11-29 00:00:00',1,46,1,150000.00,1,181500.00,4),(325,'2022-11-29 00:00:00',1,47,1,150000.00,1,181500.00,5),(326,'2022-11-29 00:00:00',1,48,1,300000.00,1,363000.00,6),(327,'2022-11-29 00:00:00',1,49,1,420000.00,1,508200.00,7),(328,'2022-11-29 00:00:00',1,1,1,320000.00,1,387200.00,8),(329,'2022-11-29 00:00:00',1,2,1,435000.00,1,526350.00,9),(330,'2022-11-29 00:00:00',1,3,1,580000.00,1,701800.00,10),(331,'2022-11-30 00:00:00',1,22,1,450000.00,4,544500.00,1),(332,'2022-11-30 00:00:00',2,50,3,2500000.00,3,2500000.00,2),(333,'2022-11-30 00:00:00',2,50,3,1950000.00,3,1950000.00,3),(334,'2022-12-06 00:00:00',1,31,1,320000.00,1,387200.00,4),(335,'2022-12-14 00:00:00',1,1,2,69960.00,1,84651.60,5),(336,'2022-12-14 00:00:00',1,2,2,69960.00,1,84651.60,6),(337,'2022-12-14 00:00:00',1,3,2,76956.00,1,93116.76,7),(338,'2022-12-14 00:00:00',1,4,2,48972.00,1,59256.12,8),(339,'2022-12-14 00:00:00',1,5,2,83952.00,1,101581.92,9),(340,'2022-12-14 00:00:00',1,6,2,97944.00,1,118512.24,10),(341,'2022-12-14 00:00:00',1,7,2,69960.00,1,84651.60,1),(342,'2022-12-14 00:00:00',1,8,2,76956.00,1,93116.76,2),(343,'2022-12-14 00:00:00',1,9,2,111936.00,1,135442.56,3),(344,'2022-12-14 00:00:00',1,10,2,48972.00,1,59256.12,4),(345,'2022-12-14 00:00:00',1,42,1,320000.00,2,320000.00,5),(346,'2022-12-14 00:00:00',1,11,2,83952.00,1,101581.92,6),(347,'2022-12-14 00:00:00',1,17,2,95400.00,1,115434.00,7),(348,'2022-12-14 00:00:00',1,18,2,95400.00,1,115434.00,8),(349,'2022-12-14 00:00:00',1,49,1,580000.00,1,701800.00,9),(350,'2022-12-31 00:00:00',1,1,1,450000.00,1,544500.00,10),(351,'2022-12-31 00:00:00',2,19,4,870000.00,1,1052700.00,1),(352,'2022-12-31 00:00:00',1,2,1,420000.00,1,508200.00,2),(353,'2022-12-31 00:00:00',1,3,1,320000.00,1,387200.00,3),(354,'2022-12-31 00:00:00',1,22,1,160000.00,4,193600.00,4),(355,'2022-12-31 00:00:00',1,23,1,400000.00,2,400000.00,5),(356,'2022-12-31 00:00:00',1,10,1,150000.00,1,181500.00,6),(357,'2022-12-31 00:00:00',1,11,1,150000.00,1,181500.00,7),(358,'2022-12-31 00:00:00',1,12,1,300000.00,1,363000.00,8),(359,'2022-12-31 00:00:00',1,13,1,420000.00,1,508200.00,9),(360,'2022-12-31 00:00:00',2,50,3,2400000.00,3,2400000.00,10),(361,'2022-12-31 00:00:00',2,50,3,1450000.00,3,1450000.00,1),(362,'2022-12-31 00:00:00',2,50,3,980000.00,3,980000.00,2),(363,'2022-12-31 00:00:00',1,14,1,420000.00,1,508200.00,3),(364,'2022-12-31 00:00:00',1,15,1,320000.00,1,387200.00,4),(365,'2022-12-31 00:00:00',2,20,4,1400000.00,1,1694000.00,5),(366,'2023-04-07 00:00:00',1,2,2,98000.00,2,98000.00,4),(367,'2023-04-07 00:00:00',1,2,2,98000.00,2,98000.00,4);
/*!40000 ALTER TABLE `ventas` ENABLE KEYS */;
UNLOCK TABLES;

--
-- Temporary view structure for view `ventas_cliente`
--

DROP TABLE IF EXISTS `ventas_cliente`;
/*!50001 DROP VIEW IF EXISTS `ventas_cliente`*/;
SET @saved_cs_client     = @@character_set_client;
/*!50503 SET character_set_client = utf8mb4 */;
/*!50001 CREATE VIEW `ventas_cliente` AS SELECT 
 1 AS `id_cliente`,
 1 AS `ventas_totales`*/;
SET character_set_client = @saved_cs_client;

--
-- Temporary view structure for view `ventasxcliente`
--

DROP TABLE IF EXISTS `ventasxcliente`;
/*!50001 DROP VIEW IF EXISTS `ventasxcliente`*/;
SET @saved_cs_client     = @@character_set_client;
/*!50503 SET character_set_client = utf8mb4 */;
/*!50001 CREATE VIEW `ventasxcliente` AS SELECT 
 1 AS `id_cliente`,
 1 AS `Nombre`,
 1 AS `Total Ventas`*/;
SET character_set_client = @saved_cs_client;

--
-- Dumping events for database 'publicidad_sqlcoder'
--

--
-- Dumping routines for database 'publicidad_sqlcoder'
--
/*!50003 DROP FUNCTION IF EXISTS `aos_clientes` */;
/*!50003 SET @saved_cs_client      = @@character_set_client */ ;
/*!50003 SET @saved_cs_results     = @@character_set_results */ ;
/*!50003 SET @saved_col_connection = @@collation_connection */ ;
/*!50003 SET character_set_client  = utf8mb4 */ ;
/*!50003 SET character_set_results = utf8mb4 */ ;
/*!50003 SET collation_connection  = utf8mb4_0900_ai_ci */ ;
/*!50003 SET @saved_sql_mode       = @@sql_mode */ ;
/*!50003 SET sql_mode              = 'ONLY_FULL_GROUP_BY,STRICT_TRANS_TABLES,NO_ZERO_IN_DATE,NO_ZERO_DATE,ERROR_FOR_DIVISION_BY_ZERO,NO_ENGINE_SUBSTITUTION' */ ;
DELIMITER ;;
CREATE DEFINER=`root`@`localhost` FUNCTION `aos_clientes`(p_id_Cliente INT) RETURNS int
    DETERMINISTIC
BEGIN
  DECLARE birthday DATE;
  DECLARE years	INT;
	
    SELECT F_denacimiento
    INTO birthday
    FROM Clientes
    WHERE id_Cliente=p_id_Cliente;
    
    SET years = YEAR(curdate())- YEAR (birthday);
    IF MONTH(curdate())  <=MONTH(birthday) THEN 
     IF DAY(curdate())  <DAY(birthday) THEN 
     SET years =years-1;
     END IF;
    END IF;
RETURN years;
END ;;
DELIMITER ;
/*!50003 SET sql_mode              = @saved_sql_mode */ ;
/*!50003 SET character_set_client  = @saved_cs_client */ ;
/*!50003 SET character_set_results = @saved_cs_results */ ;
/*!50003 SET collation_connection  = @saved_col_connection */ ;
/*!50003 DROP FUNCTION IF EXISTS `calcular_comision` */;
/*!50003 SET @saved_cs_client      = @@character_set_client */ ;
/*!50003 SET @saved_cs_results     = @@character_set_results */ ;
/*!50003 SET @saved_col_connection = @@collation_connection */ ;
/*!50003 SET character_set_client  = utf8mb4 */ ;
/*!50003 SET character_set_results = utf8mb4 */ ;
/*!50003 SET collation_connection  = utf8mb4_0900_ai_ci */ ;
/*!50003 SET @saved_sql_mode       = @@sql_mode */ ;
/*!50003 SET sql_mode              = 'ONLY_FULL_GROUP_BY,STRICT_TRANS_TABLES,NO_ZERO_IN_DATE,NO_ZERO_DATE,ERROR_FOR_DIVISION_BY_ZERO,NO_ENGINE_SUBSTITUTION' */ ;
DELIMITER ;;
CREATE DEFINER=`root`@`localhost` FUNCTION `calcular_comision`(
    monto_venta DECIMAL(10,2),
    porcentaje_comision_venta DECIMAL(10,2)
) RETURNS decimal(10,2)
    DETERMINISTIC
BEGIN
    DECLARE comision_venta DECIMAL(10,2);
    
    SET comision_venta = (monto_venta * porcentaje_comision_venta) / 100;
    
    RETURN comision_venta;
END ;;
DELIMITER ;
/*!50003 SET sql_mode              = @saved_sql_mode */ ;
/*!50003 SET character_set_client  = @saved_cs_client */ ;
/*!50003 SET character_set_results = @saved_cs_results */ ;
/*!50003 SET collation_connection  = @saved_col_connection */ ;
/*!50003 DROP FUNCTION IF EXISTS `consulta_cliente` */;
/*!50003 SET @saved_cs_client      = @@character_set_client */ ;
/*!50003 SET @saved_cs_results     = @@character_set_results */ ;
/*!50003 SET @saved_col_connection = @@collation_connection */ ;
/*!50003 SET character_set_client  = utf8mb4 */ ;
/*!50003 SET character_set_results = utf8mb4 */ ;
/*!50003 SET collation_connection  = utf8mb4_0900_ai_ci */ ;
/*!50003 SET @saved_sql_mode       = @@sql_mode */ ;
/*!50003 SET sql_mode              = 'ONLY_FULL_GROUP_BY,STRICT_TRANS_TABLES,NO_ZERO_IN_DATE,NO_ZERO_DATE,ERROR_FOR_DIVISION_BY_ZERO,NO_ENGINE_SUBSTITUTION' */ ;
DELIMITER ;;
CREATE DEFINER=`root`@`localhost` FUNCTION `consulta_cliente`(NCUIT VARCHAR(30)) RETURNS varchar(100) CHARSET utf8mb4
    DETERMINISTIC
BEGIN
  DECLARE v_nombre VARCHAR(100);
	Select Nombre INTO v_nombre FROM clientes WHERE cuit = NCUIT;

RETURN v_nombre;
END ;;
DELIMITER ;
/*!50003 SET sql_mode              = @saved_sql_mode */ ;
/*!50003 SET character_set_client  = @saved_cs_client */ ;
/*!50003 SET character_set_results = @saved_cs_results */ ;
/*!50003 SET collation_connection  = @saved_col_connection */ ;
/*!50003 DROP FUNCTION IF EXISTS `contar_ventas` */;
/*!50003 SET @saved_cs_client      = @@character_set_client */ ;
/*!50003 SET @saved_cs_results     = @@character_set_results */ ;
/*!50003 SET @saved_col_connection = @@collation_connection */ ;
/*!50003 SET character_set_client  = utf8mb4 */ ;
/*!50003 SET character_set_results = utf8mb4 */ ;
/*!50003 SET collation_connection  = utf8mb4_0900_ai_ci */ ;
/*!50003 SET @saved_sql_mode       = @@sql_mode */ ;
/*!50003 SET sql_mode              = 'ONLY_FULL_GROUP_BY,STRICT_TRANS_TABLES,NO_ZERO_IN_DATE,NO_ZERO_DATE,ERROR_FOR_DIVISION_BY_ZERO,NO_ENGINE_SUBSTITUTION' */ ;
DELIMITER ;;
CREATE DEFINER=`root`@`localhost` FUNCTION `contar_ventas`(tipo VARCHAR(20)) RETURNS int
    DETERMINISTIC
BEGIN
  DECLARE total INT;
	SET total = (
    SELECT COUNT(*) 
    FROM ventas a
    JOIN tipo_de_venta b ON a.Id_Tipo_de_venta=b.Id_Tipo_de_venta
    WHERE a.Id_Tipo_de_venta = Tipo
    Group by a.Id_Tipo_de_venta);

RETURN total;
END ;;
DELIMITER ;
/*!50003 SET sql_mode              = @saved_sql_mode */ ;
/*!50003 SET character_set_client  = @saved_cs_client */ ;
/*!50003 SET character_set_results = @saved_cs_results */ ;
/*!50003 SET collation_connection  = @saved_col_connection */ ;
/*!50003 DROP FUNCTION IF EXISTS `margenes` */;
/*!50003 SET @saved_cs_client      = @@character_set_client */ ;
/*!50003 SET @saved_cs_results     = @@character_set_results */ ;
/*!50003 SET @saved_col_connection = @@collation_connection */ ;
/*!50003 SET character_set_client  = utf8mb4 */ ;
/*!50003 SET character_set_results = utf8mb4 */ ;
/*!50003 SET collation_connection  = utf8mb4_0900_ai_ci */ ;
/*!50003 SET @saved_sql_mode       = @@sql_mode */ ;
/*!50003 SET sql_mode              = 'ONLY_FULL_GROUP_BY,STRICT_TRANS_TABLES,NO_ZERO_IN_DATE,NO_ZERO_DATE,ERROR_FOR_DIVISION_BY_ZERO,NO_ENGINE_SUBSTITUTION' */ ;
DELIMITER ;;
CREATE DEFINER=`root`@`localhost` FUNCTION `margenes`(id_venta_fila INT,total_fila INT) RETURNS int
    DETERMINISTIC
BEGIN
	DECLARE margen INT;
	DECLARE costos INT;
    SET costos=(SELECT SUM(Monto) FROM costo_de_venta WHERE id_venta=id_venta_fila);
	SET margen = ((total_fila-costos)/total_fila*100);
RETURN margen;
END ;;
DELIMITER ;
/*!50003 SET sql_mode              = @saved_sql_mode */ ;
/*!50003 SET character_set_client  = @saved_cs_client */ ;
/*!50003 SET character_set_results = @saved_cs_results */ ;
/*!50003 SET collation_connection  = @saved_col_connection */ ;
/*!50003 DROP FUNCTION IF EXISTS `margen_venta` */;
/*!50003 SET @saved_cs_client      = @@character_set_client */ ;
/*!50003 SET @saved_cs_results     = @@character_set_results */ ;
/*!50003 SET @saved_col_connection = @@collation_connection */ ;
/*!50003 SET character_set_client  = utf8mb4 */ ;
/*!50003 SET character_set_results = utf8mb4 */ ;
/*!50003 SET collation_connection  = utf8mb4_0900_ai_ci */ ;
/*!50003 SET @saved_sql_mode       = @@sql_mode */ ;
/*!50003 SET sql_mode              = 'ONLY_FULL_GROUP_BY,STRICT_TRANS_TABLES,NO_ZERO_IN_DATE,NO_ZERO_DATE,ERROR_FOR_DIVISION_BY_ZERO,NO_ENGINE_SUBSTITUTION' */ ;
DELIMITER ;;
CREATE DEFINER=`root`@`localhost` FUNCTION `margen_venta`(id_venta INT) RETURNS float
    DETERMINISTIC
BEGIN
  DECLARE total INT;
  	SET total = (
    SELECT SUM(b.TOTAL-a.TOTAL)
		From costo_de_venta a
		JOIN ventas B
		ON a.id_venta=b.id_venta
		Group by a.id_venta = id_venta);

RETURN total;
END ;;
DELIMITER ;
/*!50003 SET sql_mode              = @saved_sql_mode */ ;
/*!50003 SET character_set_client  = @saved_cs_client */ ;
/*!50003 SET character_set_results = @saved_cs_results */ ;
/*!50003 SET collation_connection  = @saved_col_connection */ ;
/*!50003 DROP FUNCTION IF EXISTS `ventas_mes` */;
/*!50003 SET @saved_cs_client      = @@character_set_client */ ;
/*!50003 SET @saved_cs_results     = @@character_set_results */ ;
/*!50003 SET @saved_col_connection = @@collation_connection */ ;
/*!50003 SET character_set_client  = utf8mb4 */ ;
/*!50003 SET character_set_results = utf8mb4 */ ;
/*!50003 SET collation_connection  = utf8mb4_0900_ai_ci */ ;
/*!50003 SET @saved_sql_mode       = @@sql_mode */ ;
/*!50003 SET sql_mode              = 'ONLY_FULL_GROUP_BY,STRICT_TRANS_TABLES,NO_ZERO_IN_DATE,NO_ZERO_DATE,ERROR_FOR_DIVISION_BY_ZERO,NO_ENGINE_SUBSTITUTION' */ ;
DELIMITER ;;
CREATE DEFINER=`root`@`localhost` FUNCTION `ventas_mes`(MES INT) RETURNS int
    DETERMINISTIC
BEGIN
  DECLARE TOTAL INT;
	
	SET 
    TOTAL = (
    Select SUM(Monto)
	From ventas 
	where MONTH(FECHA)=MES);
   
     
RETURN TOTAL;
END ;;
DELIMITER ;
/*!50003 SET sql_mode              = @saved_sql_mode */ ;
/*!50003 SET character_set_client  = @saved_cs_client */ ;
/*!50003 SET character_set_results = @saved_cs_results */ ;
/*!50003 SET collation_connection  = @saved_col_connection */ ;
/*!50003 DROP FUNCTION IF EXISTS `Calculo_margenesporcentuales` */;
/*!50003 SET @saved_cs_client      = @@character_set_client */ ;
/*!50003 SET @saved_cs_results     = @@character_set_results */ ;
/*!50003 SET @saved_col_connection = @@collation_connection */ ;
/*!50003 SET character_set_client  = utf8mb4 */ ;
/*!50003 SET character_set_results = utf8mb4 */ ;
/*!50003 SET collation_connection  = utf8mb4_0900_ai_ci */ ;
/*!50003 SET @saved_sql_mode       = @@sql_mode */ ;
/*!50003 SET sql_mode              = 'ONLY_FULL_GROUP_BY,STRICT_TRANS_TABLES,NO_ZERO_IN_DATE,NO_ZERO_DATE,ERROR_FOR_DIVISION_BY_ZERO,NO_ENGINE_SUBSTITUTION' */ ;
DELIMITER ;;
CREATE DEFINER=`root`@`localhost` FUNCTION `Calculo_margenesporcentuales`(monto_venta int,costo_venta int) RETURNS float
    DETERMINISTIC
BEGIN
    	DECLARE resultado FLOAT;
	SET resultado = ((monto_venta - costo_venta) / monto_venta);
RETURN resultado;
END ;;
DELIMITER ;
/*!50003 SET sql_mode              = @saved_sql_mode */ ;
/*!50003 SET character_set_client  = @saved_cs_client */ ;
/*!50003 SET character_set_results = @saved_cs_results */ ;
/*!50003 SET collation_connection  = @saved_col_connection */ ;
/*!50003 DROP PROCEDURE IF EXISTS `Insertar_Venta` */;
/*!50003 SET @saved_cs_client      = @@character_set_client */ ;
/*!50003 SET @saved_cs_results     = @@character_set_results */ ;
/*!50003 SET @saved_col_connection = @@collation_connection */ ;
/*!50003 SET character_set_client  = utf8mb4 */ ;
/*!50003 SET character_set_results = utf8mb4 */ ;
/*!50003 SET collation_connection  = utf8mb4_0900_ai_ci */ ;
/*!50003 SET @saved_sql_mode       = @@sql_mode */ ;
/*!50003 SET sql_mode              = 'ONLY_FULL_GROUP_BY,STRICT_TRANS_TABLES,NO_ZERO_IN_DATE,NO_ZERO_DATE,ERROR_FOR_DIVISION_BY_ZERO,NO_ENGINE_SUBSTITUTION' */ ;
DELIMITER ;;
CREATE DEFINER=`root`@`localhost` PROCEDURE `Insertar_Venta`(IN PFECHA datetime, IN PIDNEGOCIO INT, IN PCLIENTE INT,IN PTIPOVENTA INT,IN PMONTO decimal(20,2),IN PIDFACT INT,IN PTOTAL decimal(20,2),IN PIDCOMERCIAL INT )
BEGIN
  INSERT INTO VENTAS (Fecha, Id_unidad_de_negocio, Id_Cliente, Id_Tipo_de_venta, Monto, Id_Factura, Total, Id_comercial) VALUES (PFECHA,PIDNEGOCIO,PCLIENTE,PTIPOVENTA,PMONTO,PIDFACT,PTOTAL,PIDCOMERCIAL)
	;
END ;;
DELIMITER ;
/*!50003 SET sql_mode              = @saved_sql_mode */ ;
/*!50003 SET character_set_client  = @saved_cs_client */ ;
/*!50003 SET character_set_results = @saved_cs_results */ ;
/*!50003 SET collation_connection  = @saved_col_connection */ ;
/*!50003 DROP PROCEDURE IF EXISTS `Orden_porfechadecobro` */;
/*!50003 SET @saved_cs_client      = @@character_set_client */ ;
/*!50003 SET @saved_cs_results     = @@character_set_results */ ;
/*!50003 SET @saved_col_connection = @@collation_connection */ ;
/*!50003 SET character_set_client  = utf8mb4 */ ;
/*!50003 SET character_set_results = utf8mb4 */ ;
/*!50003 SET collation_connection  = utf8mb4_0900_ai_ci */ ;
/*!50003 SET @saved_sql_mode       = @@sql_mode */ ;
/*!50003 SET sql_mode              = 'ONLY_FULL_GROUP_BY,STRICT_TRANS_TABLES,NO_ZERO_IN_DATE,NO_ZERO_DATE,ERROR_FOR_DIVISION_BY_ZERO,NO_ENGINE_SUBSTITUTION' */ ;
DELIMITER ;;
CREATE DEFINER=`root`@`localhost` PROCEDURE `Orden_porfechadecobro`(IN campo_orden VARCHAR(50), IN tipo_orden VARCHAR(5))
BEGIN
  SET @orden=CONCAT('SELECT * FROM cobros ORDER BY ' ,campo_orden,' ',tipo_orden);
	PREPARE ejecucion FROM @orden;
	EXECUTE ejecucion;
	DEALLOCATE PREPARE ejecucion;
END ;;
DELIMITER ;
/*!50003 SET sql_mode              = @saved_sql_mode */ ;
/*!50003 SET character_set_client  = @saved_cs_client */ ;
/*!50003 SET character_set_results = @saved_cs_results */ ;
/*!50003 SET collation_connection  = @saved_col_connection */ ;
/*!50003 DROP PROCEDURE IF EXISTS `Orden_porfechadenacimiento` */;
/*!50003 SET @saved_cs_client      = @@character_set_client */ ;
/*!50003 SET @saved_cs_results     = @@character_set_results */ ;
/*!50003 SET @saved_col_connection = @@collation_connection */ ;
/*!50003 SET character_set_client  = utf8mb4 */ ;
/*!50003 SET character_set_results = utf8mb4 */ ;
/*!50003 SET collation_connection  = utf8mb4_0900_ai_ci */ ;
/*!50003 SET @saved_sql_mode       = @@sql_mode */ ;
/*!50003 SET sql_mode              = 'ONLY_FULL_GROUP_BY,STRICT_TRANS_TABLES,NO_ZERO_IN_DATE,NO_ZERO_DATE,ERROR_FOR_DIVISION_BY_ZERO,NO_ENGINE_SUBSTITUTION' */ ;
DELIMITER ;;
CREATE DEFINER=`root`@`localhost` PROCEDURE `Orden_porfechadenacimiento`(IN campo_orden VARCHAR(50), IN tipo_orden VARCHAR(5))
BEGIN
  SET @orden=CONCAT('SELECT * FROM clientes ORDER BY ' ,campo_orden,' ',tipo_orden);
	PREPARE ejecucion FROM @orden;
	EXECUTE ejecucion;
	DEALLOCATE PREPARE ejecucion;
END ;;
DELIMITER ;
/*!50003 SET sql_mode              = @saved_sql_mode */ ;
/*!50003 SET character_set_client  = @saved_cs_client */ ;
/*!50003 SET character_set_results = @saved_cs_results */ ;
/*!50003 SET collation_connection  = @saved_col_connection */ ;
/*!50003 DROP PROCEDURE IF EXISTS `Total_ventas` */;
/*!50003 SET @saved_cs_client      = @@character_set_client */ ;
/*!50003 SET @saved_cs_results     = @@character_set_results */ ;
/*!50003 SET @saved_col_connection = @@collation_connection */ ;
/*!50003 SET character_set_client  = utf8mb4 */ ;
/*!50003 SET character_set_results = utf8mb4 */ ;
/*!50003 SET collation_connection  = utf8mb4_0900_ai_ci */ ;
/*!50003 SET @saved_sql_mode       = @@sql_mode */ ;
/*!50003 SET sql_mode              = 'ONLY_FULL_GROUP_BY,STRICT_TRANS_TABLES,NO_ZERO_IN_DATE,NO_ZERO_DATE,ERROR_FOR_DIVISION_BY_ZERO,NO_ENGINE_SUBSTITUTION' */ ;
DELIMITER ;;
CREATE DEFINER=`root`@`localhost` PROCEDURE `Total_ventas`(OUT CTOTAL INT)
BEGIN
  SELECT COUNT(ID_CLIENTE) INTO CTOTAL
  FROM VENTAS;
END ;;
DELIMITER ;
/*!50003 SET sql_mode              = @saved_sql_mode */ ;
/*!50003 SET character_set_client  = @saved_cs_client */ ;
/*!50003 SET character_set_results = @saved_cs_results */ ;
/*!50003 SET collation_connection  = @saved_col_connection */ ;
/*!50003 DROP PROCEDURE IF EXISTS `Total_ventasxporciente` */;
/*!50003 SET @saved_cs_client      = @@character_set_client */ ;
/*!50003 SET @saved_cs_results     = @@character_set_results */ ;
/*!50003 SET @saved_col_connection = @@collation_connection */ ;
/*!50003 SET character_set_client  = utf8mb4 */ ;
/*!50003 SET character_set_results = utf8mb4 */ ;
/*!50003 SET collation_connection  = utf8mb4_0900_ai_ci */ ;
/*!50003 SET @saved_sql_mode       = @@sql_mode */ ;
/*!50003 SET sql_mode              = 'ONLY_FULL_GROUP_BY,STRICT_TRANS_TABLES,NO_ZERO_IN_DATE,NO_ZERO_DATE,ERROR_FOR_DIVISION_BY_ZERO,NO_ENGINE_SUBSTITUTION' */ ;
DELIMITER ;;
CREATE DEFINER=`root`@`localhost` PROCEDURE `Total_ventasxporciente`(IN C_IDCLIENTE INT,OUT CTOTAL INT)
BEGIN
  SELECT COUNT(ID_CLIENTE) INTO CTOTAL
  FROM VENTAS
  WHERE ID_CLIENTE=C_IDCLIENTE;
END ;;
DELIMITER ;
/*!50003 SET sql_mode              = @saved_sql_mode */ ;
/*!50003 SET character_set_client  = @saved_cs_client */ ;
/*!50003 SET character_set_results = @saved_cs_results */ ;
/*!50003 SET collation_connection  = @saved_col_connection */ ;

--
-- Final view structure for view `cant_vta_cliente`
--

/*!50001 DROP VIEW IF EXISTS `cant_vta_cliente`*/;
/*!50001 SET @saved_cs_client          = @@character_set_client */;
/*!50001 SET @saved_cs_results         = @@character_set_results */;
/*!50001 SET @saved_col_connection     = @@collation_connection */;
/*!50001 SET character_set_client      = utf8mb4 */;
/*!50001 SET character_set_results     = utf8mb4 */;
/*!50001 SET collation_connection      = utf8mb4_0900_ai_ci */;
/*!50001 CREATE ALGORITHM=UNDEFINED */
/*!50013 DEFINER=`root`@`localhost` SQL SECURITY DEFINER */
/*!50001 VIEW `cant_vta_cliente` AS select `ventas`.`Id_Cliente` AS `id_cliente`,count(`ventas`.`Total`) AS `cantidad_deventas` from `ventas` group by `ventas`.`Id_Cliente` order by `cantidad_deventas` desc */;
/*!50001 SET character_set_client      = @saved_cs_client */;
/*!50001 SET character_set_results     = @saved_cs_results */;
/*!50001 SET collation_connection      = @saved_col_connection */;

--
-- Final view structure for view `cobro_cliente`
--

/*!50001 DROP VIEW IF EXISTS `cobro_cliente`*/;
/*!50001 SET @saved_cs_client          = @@character_set_client */;
/*!50001 SET @saved_cs_results         = @@character_set_results */;
/*!50001 SET @saved_col_connection     = @@collation_connection */;
/*!50001 SET character_set_client      = utf8mb4 */;
/*!50001 SET character_set_results     = utf8mb4 */;
/*!50001 SET collation_connection      = utf8mb4_0900_ai_ci */;
/*!50001 CREATE ALGORITHM=UNDEFINED */
/*!50013 DEFINER=`root`@`localhost` SQL SECURITY DEFINER */
/*!50001 VIEW `cobro_cliente` AS select `cobros`.`Id_Cliente` AS `id_cliente`,sum(`cobros`.`Monto`) AS `cobros_totales` from `cobros` group by `cobros`.`Id_Cliente` */;
/*!50001 SET character_set_client      = @saved_cs_client */;
/*!50001 SET character_set_results     = @saved_cs_results */;
/*!50001 SET collation_connection      = @saved_col_connection */;

--
-- Final view structure for view `iva_df_xventa`
--

/*!50001 DROP VIEW IF EXISTS `iva_df_xventa`*/;
/*!50001 SET @saved_cs_client          = @@character_set_client */;
/*!50001 SET @saved_cs_results         = @@character_set_results */;
/*!50001 SET @saved_col_connection     = @@collation_connection */;
/*!50001 SET character_set_client      = utf8mb4 */;
/*!50001 SET character_set_results     = utf8mb4 */;
/*!50001 SET collation_connection      = utf8mb4_0900_ai_ci */;
/*!50001 CREATE ALGORITHM=UNDEFINED */
/*!50013 DEFINER=`root`@`localhost` SQL SECURITY DEFINER */
/*!50001 VIEW `iva_df_xventa` AS select `ventas`.`Id_Venta` AS `Id_Venta`,sum((`ventas`.`Monto` * 0.21)) AS `IVADF` from `ventas` group by `ventas`.`Id_Venta` */;
/*!50001 SET character_set_client      = @saved_cs_client */;
/*!50001 SET character_set_results     = @saved_cs_results */;
/*!50001 SET collation_connection      = @saved_col_connection */;

--
-- Final view structure for view `margenganancia`
--

/*!50001 DROP VIEW IF EXISTS `margenganancia`*/;
/*!50001 SET @saved_cs_client          = @@character_set_client */;
/*!50001 SET @saved_cs_results         = @@character_set_results */;
/*!50001 SET @saved_col_connection     = @@collation_connection */;
/*!50001 SET character_set_client      = utf8mb4 */;
/*!50001 SET character_set_results     = utf8mb4 */;
/*!50001 SET collation_connection      = utf8mb4_0900_ai_ci */;
/*!50001 CREATE ALGORITHM=UNDEFINED */
/*!50013 DEFINER=`root`@`localhost` SQL SECURITY DEFINER */
/*!50001 VIEW `margenganancia` AS select `a`.`Id_Venta` AS `id_venta`,`c`.`Nombre` AS `Cliente`,sum((`b`.`Total` - `a`.`Total`)) AS `Margenganancia` from ((`costo_de_venta` `a` join `ventas` `b` on((`a`.`Id_Venta` = `b`.`Id_Venta`))) join `clientes` `c` on((`c`.`Id_Cliente` = `b`.`Id_Cliente`))) group by `a`.`Id_Venta` */;
/*!50001 SET character_set_client      = @saved_cs_client */;
/*!50001 SET character_set_results     = @saved_cs_results */;
/*!50001 SET collation_connection      = @saved_col_connection */;

--
-- Final view structure for view `mayorescostos`
--

/*!50001 DROP VIEW IF EXISTS `mayorescostos`*/;
/*!50001 SET @saved_cs_client          = @@character_set_client */;
/*!50001 SET @saved_cs_results         = @@character_set_results */;
/*!50001 SET @saved_col_connection     = @@collation_connection */;
/*!50001 SET character_set_client      = utf8mb4 */;
/*!50001 SET character_set_results     = utf8mb4 */;
/*!50001 SET collation_connection      = utf8mb4_0900_ai_ci */;
/*!50001 CREATE ALGORITHM=UNDEFINED */
/*!50013 DEFINER=`root`@`localhost` SQL SECURITY DEFINER */
/*!50001 VIEW `mayorescostos` AS select `b`.`Nombre` AS `Nombre`,sum(`a`.`Total`) AS `Total Costos` from (`costo_de_venta` `a` left join `proveedores` `b` on((`a`.`Id_Proveedor` = `b`.`Id_Proveedor`))) group by `a`.`Id_Proveedor` limit 10 */;
/*!50001 SET character_set_client      = @saved_cs_client */;
/*!50001 SET character_set_results     = @saved_cs_results */;
/*!50001 SET collation_connection      = @saved_col_connection */;

--
-- Final view structure for view `saldos_cliente`
--

/*!50001 DROP VIEW IF EXISTS `saldos_cliente`*/;
/*!50001 SET @saved_cs_client          = @@character_set_client */;
/*!50001 SET @saved_cs_results         = @@character_set_results */;
/*!50001 SET @saved_col_connection     = @@collation_connection */;
/*!50001 SET character_set_client      = utf8mb4 */;
/*!50001 SET character_set_results     = utf8mb4 */;
/*!50001 SET collation_connection      = utf8mb4_0900_ai_ci */;
/*!50001 CREATE ALGORITHM=UNDEFINED */
/*!50013 DEFINER=`root`@`localhost` SQL SECURITY DEFINER */
/*!50001 VIEW `saldos_cliente` AS select `v`.`id_cliente` AS `id_cliente`,(`v`.`ventas_totales` - `c`.`cobros_totales`) AS `saldo` from (`ventas_cliente` `v` left join `cobro_cliente` `c` on((`v`.`id_cliente` = `c`.`id_cliente`))) order by (`v`.`ventas_totales` - `c`.`cobros_totales`) desc */;
/*!50001 SET character_set_client      = @saved_cs_client */;
/*!50001 SET character_set_results     = @saved_cs_results */;
/*!50001 SET collation_connection      = @saved_col_connection */;

--
-- Final view structure for view `saldotecnico`
--

/*!50001 DROP VIEW IF EXISTS `saldotecnico`*/;
/*!50001 SET @saved_cs_client          = @@character_set_client */;
/*!50001 SET @saved_cs_results         = @@character_set_results */;
/*!50001 SET @saved_col_connection     = @@collation_connection */;
/*!50001 SET character_set_client      = utf8mb4 */;
/*!50001 SET character_set_results     = utf8mb4 */;
/*!50001 SET collation_connection      = utf8mb4_0900_ai_ci */;
/*!50001 CREATE ALGORITHM=UNDEFINED */
/*!50013 DEFINER=`root`@`localhost` SQL SECURITY DEFINER */
/*!50001 VIEW `saldotecnico` AS select ((select sum((`ventas`.`Monto` * 0.21)) AS `IVA_DF` from `ventas`) - (select sum((`costo_de_venta`.`Monto` * 0.21)) AS `IVA_CF` from `costo_de_venta`)) AS `SALDO_TECNICO_IVA` */;
/*!50001 SET character_set_client      = @saved_cs_client */;
/*!50001 SET character_set_results     = @saved_cs_results */;
/*!50001 SET collation_connection      = @saved_col_connection */;

--
-- Final view structure for view `ventas_cliente`
--

/*!50001 DROP VIEW IF EXISTS `ventas_cliente`*/;
/*!50001 SET @saved_cs_client          = @@character_set_client */;
/*!50001 SET @saved_cs_results         = @@character_set_results */;
/*!50001 SET @saved_col_connection     = @@collation_connection */;
/*!50001 SET character_set_client      = utf8mb4 */;
/*!50001 SET character_set_results     = utf8mb4 */;
/*!50001 SET collation_connection      = utf8mb4_0900_ai_ci */;
/*!50001 CREATE ALGORITHM=UNDEFINED */
/*!50013 DEFINER=`root`@`localhost` SQL SECURITY DEFINER */
/*!50001 VIEW `ventas_cliente` AS select `ventas`.`Id_Cliente` AS `id_cliente`,sum(`ventas`.`Total`) AS `ventas_totales` from `ventas` group by `ventas`.`Id_Cliente` */;
/*!50001 SET character_set_client      = @saved_cs_client */;
/*!50001 SET character_set_results     = @saved_cs_results */;
/*!50001 SET collation_connection      = @saved_col_connection */;

--
-- Final view structure for view `ventasxcliente`
--

/*!50001 DROP VIEW IF EXISTS `ventasxcliente`*/;
/*!50001 SET @saved_cs_client          = @@character_set_client */;
/*!50001 SET @saved_cs_results         = @@character_set_results */;
/*!50001 SET @saved_col_connection     = @@collation_connection */;
/*!50001 SET character_set_client      = utf8mb4 */;
/*!50001 SET character_set_results     = utf8mb4 */;
/*!50001 SET collation_connection      = utf8mb4_0900_ai_ci */;
/*!50001 CREATE ALGORITHM=UNDEFINED */
/*!50013 DEFINER=`root`@`localhost` SQL SECURITY DEFINER */
/*!50001 VIEW `ventasxcliente` AS select `a`.`Id_Cliente` AS `id_cliente`,`b`.`Nombre` AS `Nombre`,sum(`a`.`Total`) AS `Total Ventas` from (`ventas` `a` left join `clientes` `b` on((`a`.`Id_Cliente` = `b`.`Id_Cliente`))) group by `a`.`Id_Cliente` */;
/*!50001 SET character_set_client      = @saved_cs_client */;
/*!50001 SET character_set_results     = @saved_cs_results */;
/*!50001 SET collation_connection      = @saved_col_connection */;
/*!40103 SET TIME_ZONE=@OLD_TIME_ZONE */;

/*!40101 SET SQL_MODE=@OLD_SQL_MODE */;
/*!40014 SET FOREIGN_KEY_CHECKS=@OLD_FOREIGN_KEY_CHECKS */;
/*!40014 SET UNIQUE_CHECKS=@OLD_UNIQUE_CHECKS */;
/*!40101 SET CHARACTER_SET_CLIENT=@OLD_CHARACTER_SET_CLIENT */;
/*!40101 SET CHARACTER_SET_RESULTS=@OLD_CHARACTER_SET_RESULTS */;
/*!40101 SET COLLATION_CONNECTION=@OLD_COLLATION_CONNECTION */;
/*!40111 SET SQL_NOTES=@OLD_SQL_NOTES */;

-- Dump completed on 2023-05-04 11:08:50
